Emissions,2015,2016
Afghanistan,7.732860644,8.541487914
Albania,4.100475029,4.221155175
Algeria,144.828490377,138.723247027
American Samoa,0.355245915,0.360661844
Angola,36.182259864,21.417035574
Antarctica,0.014342885,0.015266697
Antigua and Barbuda,0.735377799,0.741255424
Argentina,200.161807683,194.099937985
Armenia,5.053134828,5.219801504
Aruba,1.243515051,1.264083756
Australia,403.480935712,411.729208833
Austria,67.588333839,68.101232581
Azerbaijan,36.537561775,35.117395893
Bahrain,38.357454232,38.107515472
Bangladesh,73.176284514,79.204847853
Barbados,1.689664633,1.756547847
Belarus,56.691741684,55.443035917
Belgium,135.5953276,137.63927863
Belize,0.583381807,0.557599367
Benin,5.405292172,5.435664469
Bermuda,0.624613628,0.794981596
Bhutan,0.585229574,0.580460273
Bolivia,15.993869865,17.994768699
Bosnia and Herzegovina,17.973540389,18.566236465
Botswana,5.818878498,5.783427676
Brazil,541.149003657,492.541110608
British Virgin Islands,0.180499362,0.182931693
Brunei,9.659034855,9.718829282
Bulgaria,46.488467952,42.888054364
Burkina Faso,3.494994873,3.41814636
Burundi,0.198394184,0.217061455
Cambodia,8.459483021,9.649779581
Cameroon,9.696669566,7.111220607
Canada,641.659416798,633.395053164
Cape Verde,0.867885526,0.869202663
Cayman Islands,0.626270487,0.644935896
Central African Republic,0.413369521,0.414600677
Chad,0.33972019,0.342686906
Chile,79.135694244,83.509779709
China,10603.673960209,10592.824304791
Colombia,83.866675944,87.705481916
Comoros,0.184715987,0.193975049
Congo-Brazzaville,7.094770045,5.243973536
Congo-Kinshasa,3.163625739,3.147697232
Cook Islands,0.089909642,0.088578908
Costa Rica,7.081790187,7.650266452
Cote dIvoire,10.709178222,11.555316629
Croatia,16.88653162,17.061577051
Cuba,28.485041282,24.683271777
Cyprus,7.527930007,8.146004013
Czech Republic,105.709666819,106.274711249
Denmark,36.186992403,37.763337624
Djibouti,0.93841467,0.951511327
Dominica,0.188834616,0.199179831
Dominican Republic,21.973734025,23.322056815
Ecuador,41.08058863,36.820012224
Egypt,227.85069278,229.443277691
El Salvador,7.005426716,7.317998832
Equatorial Guinea,4.522237253,3.063546476
Eritrea,0.629464386,0.493125459
Estonia,5.168190985,5.269093721
Ethiopia,11.241244052,12.025834203
Falkland Islands,0.043263353,0.043995675
Faroe Islands,0.731964085,0.741237729
Fiji,2.427313959,2.374172679
Finland,44.253823088,46.606433768
Former Czechoslovakia,--,--
Former Serbia and Montenegro,--,--
Former U.S.S.R.,--,--
Former Yugoslavia,--,--
France,354.881417401,354.098788532
French Guiana,0.759273147,0.777211963
French Polynesia,1.05815416,1.032051046
Gabon,7.08228809,3.980412397
"Gambia, The",0.587871787,0.606172223
Georgia,9.743403968,10.353839745
Germany,826.312715667,826.40216239
"Germany, East",--,--
"Germany, West",--,--
Ghana,14.957223232,13.435526878
Gibraltar,12.718255908,12.894038621
Greece,71.454597664,68.23888029
Greenland,0.608764838,0.614588528
Grenada,0.283430748,0.284113686
Guadeloupe,1.993642151,2.002468669
Guam,2.161606615,2.000457047
Guatemala,15.679526457,16.725585241
Guinea,2.710562902,2.797768695
Guinea-Bissau,0.38655892,0.398776098
Guyana,2.086374795,2.134799821
Haiti,2.976719547,3.41103099
Hawaiian Trade Zone,--,--
Honduras,9.618344699,9.289176544
Hong Kong,94.768981438,98.323982108
Hungary,48.64029536,49.489057608
Iceland,2.941972851,3.232656815
India,2151.105946562,2154.761606057
Indonesia,504.288116895,513.149340009
Iran,642.11805004,638.538597076
Iraq,153.707439337,120.477589725
Ireland,35.304181901,37.509782543
Israel,71.193053062,70.44220342
Italy,358.738616685,356.121837269
Jamaica,8.762396968,8.765132358
Japan,1199.682431853,1202.518879939
Jordan,24.650203334,24.532098903
Kazakhstan,268.897656819,279.282873451
Kenya,16.326354198,17.886577262
Kiribati,0.061743131,0.059000012
Kosovo,8.413166721,8.938085521
Kuwait,105.271624503,98.364696299
Kyrgyzstan,10.033801873,9.66658844
Laos,9.369947544,9.397113068
Latvia,8.201665444,8.417974012
Lebanon,22.968538977,23.260003236
Lesotho,0.727239599,0.712526059
Liberia,1.187653248,1.164526405
Libya,53.44067194,42.640300803
Lithuania,13.779326287,13.969520031
Luxembourg,10.327065064,10.19624216
Macau,2.054717503,2.553472552
Macedonia,7.020387973,6.895169399
Madagascar,3.705534421,3.840009212
Malawi,0.892598609,1.054027657
Malaysia,218.593961749,215.715583328
Maldives,1.623073533,1.651954283
Mali,3.164352382,3.387335965
Malta,7.110446404,7.821644664
Martinique,2.707194341,2.686843714
Mauritania,2.657433819,2.619433268
Mauritius,5.707212755,6.027392653
Mexico,454.227157598,452.580730959
Micronesia,-,-
Moldova,7.630805412,7.607940909
Mongolia,16.9639449,16.779087674
Montenegro,2.444574626,2.217694446
Montserrat,0.057938512,0.057263296
Morocco,52.821118041,52.882469182
Mozambique,7.697934768,9.664523806
Myanmar,24.450619462,27.006455292
Namibia,3.867906378,3.854314456
Nauru,0.073018353,0.076602988
Nepal,3.929041005,6.182924994
Netherlands,245.420269595,248.652380687
Netherlands Antilles,13.176122213,13.302307999
New Caledonia,5.047132907,5.762067846
New Zealand,38.102709864,37.511750471
Nicaragua,5.217960797,5.397170442
Niger,2.401972895,2.248720223
Nigeria,100.610694473,97.103695823
Niue,0.007771319,0.007383307
North Korea,22.000360391,24.345558474
Northern Mariana Islands,-,-
Norway,43.721921372,43.238736148
Oman,70.898508984,68.45755233
Pakistan,165.136549907,175.70651572
Palestinian Territories,2.945197749,3.119995722
Panama,22.649277384,25.458451562
Papua New Guinea,6.067177148,6.097005088
Paraguay,5.815973253,7.20870691
Peru,52.424109241,55.017240495
Philippines,109.348212371,110.741520498
Poland,299.578163415,307.402241626
Portugal,55.668201952,55.198158034
Puerto Rico,21.595331644,19.266134825
Qatar,117.967905401,102.483600023
Reunion,2.692299335,2.731614293
Romania,72.802022175,71.676642042
Russia,1801.935684442,1766.611721141
Rwanda,0.973864572,0.987122598
Saint Helena,0.009859705,0.010629374
Saint Kitts and Nevis,0.254122697,0.24853458
Saint Lucia,0.439208927,0.438496858
Saint Pierre and Miquelon,0.098260306,0.100037358
Saint Vincent/Grenadines,0.226717173,0.227088007
Samoa,0.335265262,0.341471236
Sao Tome and Principe,0.152083815,0.148414412
Saudi Arabia,662.133055004,656.578258322
Senegal,7.921881221,8.603164366
Serbia,46.500632793,47.510254604
Seychelles,1.137223683,1.152034507
Sierra Leone,0.974265915,0.986173422
Singapore,240.92078202,255.184950075
Slovakia,33.861758161,33.500725783
Slovenia,12.674852064,13.594457139
Solomon Islands,0.229860224,0.233857761
Somalia,0.847098186,0.850896626
South Africa,502.717746686,510.751502614
South Korea,731.9911878,771.096485711
South Sudan,1.090730778,1.222081906
Spain,290.113590564,286.124055964
Sri Lanka,21.669513055,24.262210492
Sudan,15.428780782,18.948834793
Suriname,2.288888925,2.058325291
Swaziland,1.061404906,1.089523758
Sweden,49.926537428,53.407685513
Switzerland,39.105715132,39.75981297
Syria,29.977938717,28.227673558
Taiwan,318.276783095,326.276700357
Tajikistan,5.021534534,5.440524346
Tanzania,12.902938252,14.473595189
Thailand,338.458636894,342.33855183
The Bahamas,2.948898546,3.094118336
Timor-Leste,0.527450155,0.531910064
Togo,2.455983827,2.58506354
Tonga,0.140950708,0.139654834
Trinidad and Tobago,54.262425631,49.319426481
Tunisia,23.325422105,22.869615584
Turkey,351.891854878,366.083909186
Turkmenistan,102.089729471,98.959239476
Turks and Caicos Islands,0.212972677,0.221452042
Tuvalu,-,-
U.S. Pacific Islands,0.302227876,0.294382626
U.S. Territories,-,-
U.S. Virgin Islands,2.928070812,2.459005452
Uganda,4.622848489,4.710814265
Ukraine,215.960195837,223.956971721
United Arab Emirates,285.56302973,288.875809304
United Kingdom,458.956145584,480.680495215
United States,5264.776,5172.402
Uruguay,7.581877626,7.519395113
Uzbekistan,107.453899238,92.948991239
Vanuatu,0.160438113,0.164924114
Venezuela,179.192586202,130.15461283
Vietnam,194.746384224,218.766587958
Wake Island,1.367636052,1.371383
Western Sahara,0.2684852,0.269014257
Yemen,17.841133016,8.887855262
Zambia,3.746348391,3.622226086
Zimbabwe,11.594936326,10.480809616
Coal and Coke,,
Afghanistan,2.6533027869791,3.3005920383081
Albania,0.30889394065761,0.24143854109673
Algeria,0.74817035613508,0.39625362043311
American Samoa,0,-
Angola,0,-
Antarctica,0,-
Antigua and Barbuda,0,-
Argentina,4.2155894536854,3.3723268890501
Armenia,0.0026552344168885,0.0027371727722933
Aruba,0,-
Australia,172.46051770338,174.70306692409
Austria,12.91703935232,11.928782856376
Azerbaijan,0.00041017820834788,0.00041017820834788
Bahrain,0,-
Bangladesh,3.7164865910287,4.0381491758024
Barbados,0,-
Belarus,1.6733279858577,1.5419909238175
Belgium,10.259356154387,9.6388057518099
Belize,0,-
Benin,0.096837116193672,0.18527058534695
Bermuda,0,-
Bhutan,0.13042030969418,0.1417646333148
Bolivia,9.878588555538E-05,-
Bosnia and Herzegovina,12.834787538269,12.960721097316
Botswana,2.7646857438902,2.699950181106
Brazil,71.990236768804,61.920308425148
British Virgin Islands,0,-
Brunei,0,-
Bulgaria,26.719791541709,22.978728576932
Burkina Faso,0,-
Burundi,0,-
Cambodia,2.3850111442284,2.8005430345255
Cameroon,0,-
Canada,75.148199644733,71.588344445504
Cape Verde,0,-
Cayman Islands,0,-
Central African Republic,0,-
Chad,0,-
Chile,24.500506601704,25.86912545745
China,8591.7388687468,8506.6515084073
Colombia,18.236060330149,19.805535176573
Comoros,0,-
Congo-Brazzaville,0,-
Congo-Kinshasa,0.030673533380282,0.027590852997036
Cook Islands,0,-
Costa Rica,0.0012370509793563,0.0015741130353311
Cote dIvoire,0,-
Croatia,2.3798872265012,2.5614185304371
Cuba,0.0170217073478,0.018621203684882
Cyprus,0.01075159520671,0.00036339137445904
Czech Republic,62.858910149905,64.4958743315
Denmark,6.8370811863092,7.8846262882359
Djibouti,0,-
Dominica,0,-
Dominican Republic,2.5500799619159,2.6963159981438
Ecuador,0.065852377493225,0.037250121263643
Egypt,1.4424227925851,1.6781663614289
El Salvador,0.0020460214646359,0.0016830688488739
Equatorial Guinea,0,-
Eritrea,0,-
Estonia,0.026814337556286,0.0389789980208
Ethiopia,0.87686188786055,1.0437651120821
Falkland Islands,0,-
Faroe Islands,0,-
Fiji,0,-
Finland,10.513644330394,12.764148262517
Former Czechoslovakia,--,-
Former Serbia and Montenegro,--,-
Former U.S.S.R.,--,-
Former Yugoslavia,--,-
France,33.903553997677,30.64140510933
French Guiana,0,-
French Polynesia,0,-
Gabon,0,-
"Gambia, The",0,-
Georgia,1.1947620795367,1.1821587036
Germany,322.10255880666,312.60730846052
"Germany, East",--,-
"Germany, West",--,-
Ghana,3.4072708688162E-05,3.4072708688162E-05
Gibraltar,0,-
Greece,22.734734103102,17.662276766108
Greenland,0,-
Grenada,0,-
Guadeloupe,0,-
Guam,0,-
Guatemala,3.6387562897584,3.9223353288536
Guinea,0,-
Guinea-Bissau,0,-
Guyana,0,-
Haiti,0,-
Hawaiian Trade Zone,-,-
Honduras,0.27224428309,0.39399368716653
Hong Kong,26.860766169699,26.804741061112
Hungary,9.3822593514985,8.847154566588
Iceland,0.40933915433944,0.4355849289187
India,1531.9760331511,1502.5046464707
Indonesia,187.33811099706,203.26141670948
Iran,3.8995501499908,3.7835891131239
Iraq,0,-
Ireland,5.6231156208522,5.3027936485024
Israel,24.991645055059,21.358215808269
Italy,50.000165487056,45.088315775431
Jamaica,0.2532536443623,0.18946493894148
Japan,449.52024216203,453.46095210663
Jordan,0.40992506437738,0.5618085373573
Kazakhstan,196.82804355982,203.21014897693
Kenya,1.0527012294647,1.0765172506158
Kiribati,0,-
Kosovo,6.3656336359218,6.8628190033852
Kuwait,0.84648090190006,0.77397440777383
Kyrgyzstan,4.2563096927468,3.5146168458239
Laos,6.7585817657985,6.6982907824748
Latvia,0.18047514239781,0.13635011424123
Lebanon,0.37038663724379,0.2838617890484
Lesotho,0,-
Liberia,0,-
Libya,0,-
Lithuania,0.65462259064433,0.65285611553217
Luxembourg,0.17412342317298,0.19216386029998
Macau,0,-
Macedonia,3.883864063411,3.5269369169299
Madagascar,0.86979532631008,1.1285779849826
Malawi,0.20041761675957,0.18071460279944
Malaysia,57.845508913025,61.520835370851
Maldives,0,-
Mali,0,-
Malta,0,-
Martinique,0,-
Mauritania,0,-
Mauritius,1.6435343252622,1.6840662312624
Mexico,54.617404697018,49.904860785685
Micronesia,-,-
Moldova,0.44344853267606,0.32899787463609
Mongolia,13.462909047223,13.74174843882
Montenegro,1.5343532963911,1.214101649063
Montserrat,0,-
Morocco,13.855533157964,13.387701506395
Mozambique,0.032612481487899,0.025624092597635
Myanmar,0.81644868526575,0.95411552551294
Namibia,0.0097776564417038,0.011006952194144
Nauru,0,-
Nepal,0.44532234455164,0.39603001891257
Netherlands,42.554908859913,39.767976405505
Netherlands Antilles,0,-
New Caledonia,1.9799182566748,2.5210437774238
New Zealand,5.4520037549977,4.8896951729692
Nicaragua,0,-
Niger,0.47901133189938,0.52333734860011
Nigeria,0.11269272963196,0.3962360867477
Niue,0,-
North Korea,18.870485832901,21.447514244225
Northern Mariana Islands,-,-
Norway,3.2555481134074,3.2504274950011
Oman,0.21402594246313,0.24546991347264
Pakistan,18.457625862606,19.984091741427
Palestinian Territories,0,-
Panama,0.56950701730877,0.72052359475817
Papua New Guinea,0,-
Paraguay,0,-
Peru,2.3357001398584,2.6678175461147
Philippines,45.872946015993,43.102884101311
Poland,193.73251421484,193.89783027827
Portugal,12.751669749338,11.117202771234
Puerto Rico,2.9566924946256,2.3080926870327
Qatar,0,-
Reunion,0,-
Romania,24.439631693829,22.022587420163
Russia,464.1185445136,441.50298115369
Rwanda,0,-
Saint Helena,0,-
Saint Kitts and Nevis,0,-
Saint Lucia,0,-
Saint Pierre and Miquelon,0,-
Saint Vincent/Grenadines,0,-
Samoa,0,-
Sao Tome and Principe,0,-
Saudi Arabia,0.25715650241841,0.27181194516687
Senegal,0.85445356367296,0.89399126070667
Serbia,31.825643654053,32.29129894887
Seychelles,0,-
Sierra Leone,0,-
Singapore,1.4105686185715,1.4803871087224
Slovakia,13.577266725341,12.624171725244
Slovenia,4.0824453220287,4.404119502009
Solomon Islands,0,-
Somalia,0,-
South Africa,401.13086269381,408.55023567345
South Korea,343.0008933372,359.86041566562
South Sudan,0,-
Spain,49.120484808373,38.452089903999
Sri Lanka,4.9902208052795,5.3129715208553
Sudan,0,-
Suriname,0,-
Swaziland,0.296149584827,0.31901361215622
Sweden,6.7361026808682,6.837820059377
Switzerland,0.3447843182461,0.29147183447048
Syria,0.015577111539616,0.024444146729816
Taiwan,142.05680833224,144.25746879485
Tajikistan,2.218454190633,2.9054827272782
Tanzania,0.57383767311627,0.69997156560324
Thailand,63.903224585088,65.343306612044
The Bahamas,0,-
Timor-Leste,0,-
Togo,0.30219807566481,0.32091480001319
Tonga,0,-
Trinidad and Tobago,0.014004090501489,0.00057755839286322
Tunisia,0.0085191824963552,0.012010101403557
Turkey,137.10034204288,145.31482692639
Turkmenistan,0,-
Turks and Caicos Islands,0,-
Tuvalu,-,-
U.S. Pacific Islands,0,-
U.S. Territories,-,-
U.S. Virgin Islands,0,-
Uganda,0,-
Ukraine,120.90297481614,129.38809769314
United Arab Emirates,4.2408600393072,5.0485764726514
United Kingdom,95.0587912426,96.224244746988
United States,1480.324,1354.16
Uruguay,0.0013275984086974,0.0017350876442887
Uzbekistan,5.9648332394279,6.6125345942874
Vanuatu,0,-
Venezuela,0.56252995170988,0.48602108178455
Vietnam,117.68623458653,134.45674074183
Wake Island,0,-
Western Sahara,0,-
Yemen,0.31941361012215,0.29059433702842
Zambia,0.38901874605315,0.38245249925519
Zimbabwe,7.72921437821,6.9667653714034
Natural Gas,,
Afghanistan,0.286806862,0.324276157
Albania,0.065054731,0.083641087
Algeria,85.329312561,79.132962623
American Samoa,0,0
Angola,14.254419424,1.575292703
Antarctica,0,0
Antigua and Barbuda,0,0
Argentina,94.187424671,94.824563988
Armenia,4.021607803,4.347223017
Aruba,0,0
Australia,76.836925607,82.848989004
Austria,16.087613967,16.80046907
Azerbaijan,21.68984114,20.935905161
Bahrain,30.407278511,30.073782161
Bangladesh,52.494226544,57.506873992
Barbados,0.034798679,0.03922131
Belarus,33.688815521,33.445255834
Belgium,32.507609974,33.04826066
Belize,0,0
Benin,0,0
Bermuda,0,0
Bhutan,0,0
Bolivia,5.631866433,6.24213577
Bosnia and Herzegovina,0.380735064,0.397867997
Botswana,0,0
Brazil,80.532268325,66.648896174
British Virgin Islands,0,0
Brunei,7.079654357,7.45875177
Bulgaria,6.070056313,6.125135738
Burkina Faso,0,0
Burundi,0,0
Cambodia,0,0
Cameroon,3.305983412,1.412466464
Canada,228.788642347,216.016296601
Cape Verde,0,0
Cayman Islands,0,0
Central African Republic,0,0
Chad,0,0
Chile,8.789201781,9.420439689
China,377.316416971,405.480667678
Colombia,21.3605994,18.977279656
Comoros,0,0
Congo-Brazzaville,4.581082205,2.746465532
Congo-Kinshasa,0,0
Cook Islands,0,0
Costa Rica,0,0
Cote dIvoire,4.006800802,4.332562486
Croatia,4.029454843,4.319792842
Cuba,2.461372002,2.213720509
Cyprus,0,0
Czech Republic,15.165247728,16.36604451
Denmark,6.88506752,6.82787412
Djibouti,0,0
Dominica,0,0
Dominican Republic,2.173629974,2.046116663
Ecuador,2.208081377,1.082306033
Egypt,96.227436075,99.376826142
El Salvador,0,0
Equatorial Guinea,3.790887485,2.314876853
Eritrea,0,0
Estonia,0.913399104,1.004544313
Ethiopia,0,0
Falkland Islands,0,0
Faroe Islands,0,0
Fiji,0,0
Finland,5.256172455,4.803057989
Former Czechoslovakia,--,--
Former Serbia and Montenegro,--,--
Former U.S.S.R.,--,--
Former Yugoslavia,--,--
France,78.973037739,86.480272046
French Guiana,0,0
French Polynesia,0,0
Gabon,3.654331642,0.743506987
"Gambia, The",0,0
Georgia,4.685735783,4.392879557
Germany,158.415722762,169.858274238
"Germany, East",--,--
"Germany, West",--,--
Ghana,2.735851531,1.460475834
Gibraltar,0,0
Greece,6.208688418,8.034874118
Greenland,0,0
Grenada,0,0
Guadeloupe,0,0
Guam,0,0
Guatemala,0,0
Guinea,0,0
Guinea-Bissau,0,0
Guyana,0,0
Haiti,0,0
Hawaiian Trade Zone,--,-
Honduras,0,0
Hong Kong,6.361987369,6.633960929
Hungary,18.078212905,19.276641743
Iceland,0,0
India,100.702366779,108.029144682
Indonesia,99.896683187,85.630446456
Iran,394.594522854,393.007771615
Iraq,31.475850622,2.162336652
Ireland,8.693862685,10.195408206
Israel,16.583508432,19.093231288
Italy,129.366861963,135.865516763
Jamaica,0,0.033690515
Japan,246.959815387,256.286327124
Jordan,4.548745993,7.929266161
Kazakhstan,31.266603841,28.441580289
Kenya,0,0
Kiribati,0,0
Kosovo,0,0
Kuwait,41.422586945,43.670714691
Kyrgyzstan,0.353116783,0.368469686
Laos,0,0
Latvia,2.570074035,2.661238151
Lebanon,0,0
Lesotho,0,0
Liberia,0,0
Libya,16.891284224,9.97738775
Lithuania,4.841526103,4.264185255
Luxembourg,1.809953685,1.662035911
Macau,0.00378089,0.019677859
Macedonia,0.116019268,0.264909396
Madagascar,0,0
Malawi,0,0
Malaysia,65.310282163,58.410761891
Maldives,0,0
Mali,0,0
Malta,0,0
Martinique,0,0
Mauritania,0,0
Mauritius,0,0
Mexico,156.368209626,150.913406009
Micronesia,-,-
Moldova,4.649708238,4.699100323
Mongolia,0,0
Montenegro,0,0
Montserrat,0,0
Morocco,2.428506992,2.468416381
Mozambique,3.94375771,3.687076438
Myanmar,7.181437184,8.701288985
Namibia,0,0
Nauru,0,0
Nepal,0,0
Netherlands,66.94595085,69.699717137
Netherlands Antilles,0,0
New Caledonia,0,0
New Zealand,9.988153514,9.667833737
Nicaragua,0,0
Niger,0,0
Nigeria,54.555422543,36.27294609
Niue,0,0
North Korea,0,0
Northern Mariana Islands,-,-
Norway,10.872030159,9.866640551
Oman,44.457656925,41.717174144
Pakistan,66.218946316,70.677821706
Palestinian Territories,0,0
Panama,0,0
Papua New Guinea,0.19617599,0.19617599
Paraguay,0,0
Peru,17.812584063,18.779428789
Philippines,5.330056632,6.023381522
Poland,32.56560257,34.010675236
Portugal,9.61718325,10.129718666
Puerto Rico,3.076012254,3.407176935
Qatar,84.993384475,80.142491447
Reunion,0,0
Romania,20.369457107,20.31560941
Russia,864.038749779,843.254635929
Rwanda,0,0
Saint Helena,0,0
Saint Kitts and Nevis,0,0
Saint Lucia,0,0
Saint Pierre and Miquelon,0,0
Saint Vincent/Grenadines,0,0
Samoa,0,0
Sao Tome and Principe,0,0
Saudi Arabia,204.680565293,207.709117893
Senegal,0.104436078,0.101067201
Serbia,4.060149734,4.389801292
Seychelles,0,0
Sierra Leone,0,0
Singapore,23.776530036,24.286028494
Slovakia,9.084231967,9.225781567
Slovenia,1.554054356,1.649277466
Solomon Islands,0,0
Somalia,0,0
South Africa,9.740057934,9.779371705
South Korea,92.971004807,96.281396107
South Sudan,0,0
Spain,57.399342252,58.534986342
Sri Lanka,0,0
Sudan,0,0
Suriname,0,0
Swaziland,0,0
Sweden,2.009605303,1.911627453
Switzerland,6.720752081,7.065501325
Syria,9.345813336,7.356608806
Taiwan,40.841386658,42.588818348
Tajikistan,0.039235198,0.03726468
Tanzania,2.157935894,2.948056013
Thailand,97.375899323,95.134530581
The Bahamas,0,0
Timor-Leste,0,0
Togo,0,0
Tonga,0,0
Trinidad and Tobago,46.927540081,41.101712613
Tunisia,9.482987806,9.724255817
Turkey,92.565031145,89.354498997
Turkmenistan,79.929140215,78.199673291
Turks and Caicos Islands,0,0
Tuvalu,-,-
U.S. Pacific Islands,0,0
U.S. Territories,-,-
U.S. Virgin Islands,0,0
Uganda,0,0
Ukraine,62.054250628,60.157611513
United Arab Emirates,147.539837134,146.529592936
United Kingdom,145.856381621,161.69798828
United States,1482.985,1493.982
Uruguay,0.110469595,0.124941594
Uzbekistan,92.990015131,79.099447242
Vanuatu,0,0
Venezuela,85.24016472,50.20895151
Vietnam,18.706454175,17.474226798
Wake Island,0,0
Western Sahara,0,0
Yemen,3.153167647,0.992090216
Zambia,0,0
Zimbabwe,0,0
Petroleum and Other Liquids,,
Afghanistan,4.7927509945566,4.9166197189708
Albania,3.7265263574834,3.8960755467245
Algeria,58.751007460081,59.194030783238
American Samoa,0.35524591528564,0.36066184441354
Angola,21.927840440182,19.841742871364
Antarctica,0.014342885241616,0.015266697341202
Antigua and Barbuda,0.73537779937445,0.74125542430708
Argentina,101.75879355825,95.903047108357
Armenia,1.0288717905747,0.86984131415471
Aruba,1.2435150509026,1.2640837555465
Australia,154.18349240182,154.17715290454
Austria,38.583680519471,39.371980654128
Azerbaijan,14.847310457169,14.181080553868
Bahrain,7.9501757205547,8.0337333105054
Bangladesh,16.965571378768,17.65982468525
Barbados,1.6548659542937,1.7173265371118
Belarus,21.329598177387,20.455789159099
Belgium,92.82836147141,94.952212217856
Belize,0.58338180654417,0.55759936744925
Benin,5.3084550560782,5.250393884134
Bermuda,0.62461362831321,0.7949815955841
Bhutan,0.45480926417476,0.43869563944718
Bolivia,10.361904646427,11.752632929495
Bosnia and Herzegovina,4.7580177864889,5.2076473707664
Botswana,3.0541927542062,3.0834774946758
Brazil,388.62649856302,363.97190600864
British Virgin Islands,0.18049936201704,0.18293169317254
Brunei,2.5793804983721,2.2600775124853
Bulgaria,13.698620097569,13.784190048672
Burkina Faso,3.4949948731796,3.4181463604642
Burundi,0.1983941841147,0.21706145482886
Cambodia,6.0744718769862,6.8492365464725
Cameroon,6.3906861544608,5.6987541426491
Canada,337.72257480582,345.79041211793
Cape Verde,0.86788552622804,0.86920266281356
Cayman Islands,0.6262704871562,0.64493589629112
Central African Republic,0.41336952139799,0.4146006774619
Chad,0.33972018973255,0.34268690642549
Chile,45.845985861676,48.220214562221
China,1634.6186744916,1680.6921287061
Colombia,44.270016213708,48.922667083408
Comoros,0.18471598686559,0.19397504929051
Congo-Brazzaville,2.5136878399749,2.4975080041014
Congo-Kinshasa,3.1329522056602,3.1201063789024
Cook Islands,0.089909642116659,0.088578908411193
Costa Rica,7.0805531361218,7.6486923394338
Cote dIvoire,6.7023774198509,7.2227541426678
Croatia,10.477189550763,10.180365678536
Cuba,26.00664757292,22.450930064254
Cyprus,7.5171784120769,8.1456406211978
Czech Republic,27.685508941217,25.412792407371
Denmark,22.464843696654,23.050837215551
Djibouti,0.93841467034317,0.95151132718849
Dominica,0.18883461578163,0.19917983120498
Dominican Republic,17.250024089126,18.579624153821
Ecuador,38.8066548756,35.700456069356
Egypt,130.18083391227,128.38828518796
El Salvador,7.0033806940512,7.3163157628158
Equatorial Guinea,0.73134976828115,0.74866962298183
Eritrea,0.62946438574295,0.49312545880599
Estonia,4.2279775429729,4.2255704095634
Ethiopia,10.364382163972,10.982069091321
Falkland Islands,0.043263352693888,0.043995675135349
Faroe Islands,0.73196408485671,0.74123772928153
Fiji,2.4273139592882,2.3741726790179
Finland,28.484006303013,29.039227516192
Former Czechoslovakia,-,-
Former Serbia and Montenegro,-,-
Former U.S.S.R.,-,-
Former Yugoslavia,-,-
France,242.0048256642,236.97711137643
French Guiana,0.75927314715027,0.77721196270631
French Polynesia,1.0581541595978,1.0320510455646
Gabon,3.4279564484696,3.236905409714
"Gambia, The",0.58787178657073,0.60617222291458
Georgia,3.8629061057472,4.778801484898
Germany,345.79443409813,343.93657969104
"Germany, East",-,-
"Germany, West",-,-
Ghana,12.221337628455,11.975016970921
Gibraltar,12.718255907848,12.894038621082
Greece,42.511175143267,42.541729405645
Greenland,0.60876483817082,0.61458852831825
Grenada,0.28343074810192,0.28411368568314
Guadeloupe,1.9936421505178,2.0024686687422
Guam,2.1616066147429,2.0004570467424
Guatemala,12.040770166904,12.803249911996
Guinea,2.710562902308,2.7977686949406
Guinea-Bissau,0.38655892033248,0.3987760982961
Guyana,2.0863747946452,2.1347998213528
Haiti,2.976719546725,3.4110309903671
Hawaiian Trade Zone,--,--
Honduras,9.3461004162634,8.895182856836
Hong Kong,61.546227899463,64.885280117569
Hungary,21.179823103338,21.365261298285
Iceland,2.5326336964356,2.7970718862258
India,518.42754663243,544.22781490468
Indonesia,217.05332271139,224.25747684362
Iran,243.62397703553,241.74723634818
Iraq,122.23158871512,118.31525307289
Ireland,20.987203595473,22.011580688483
Israel,29.617899575409,29.990756323727
Italy,179.37158923455,175.16800473022
Jamaica,8.5091433240809,8.5419769038609
Japan,503.20237430381,492.77160070805
Jordan,19.691532277088,16.041024204796
Kazakhstan,40.803009418254,47.63114418524
Kenya,15.273652968244,16.810060011449
Kiribati,0.061743131142403,0.059000012466656
Kosovo,2.047533085529,2.0752665172261
Kuwait,63.002556655622,53.920007200632
Kyrgyzstan,5.4243753971462,5.783501907835
Laos,2.6113657783368,2.6988222853944
Latvia,5.451116266829,5.6203857464966
Lebanon,22.598152339959,22.976141446623
Lesotho,0.72723959912792,0.71252605859299
Liberia,1.1876532478646,1.1645264048794
Libya,36.549387715863,32.662913052886
Lithuania,8.2831775936822,9.0524786607037
Luxembourg,8.3429879553855,8.3420423884466
Macau,2.0509366125818,2.5337946933583
Macedonia,3.0205046419566,3.1033230856476
Madagascar,2.8357390947778,2.7114312274327
Malawi,0.692180992347,0.87331305417867
Malaysia,95.438170672573,95.783986066242
Maldives,1.6230735331687,1.6519542825879
Mali,3.1643523821356,3.3873359648686
Malta,7.1104464044084,7.8216446637524
Martinique,2.7071943408771,2.6868437139906
Mauritania,2.6574338188022,2.6194332679019
Mauritius,4.0636784294987,4.3433264218242
Mexico,243.24154327466,251.76246416454
Micronesia,-,-
Moldova,2.5376486411044,2.5798427117115
Mongolia,3.5010358530824,3.0373392348118
Montenegro,0.91022132967036,1.0035927969218
Montserrat,0.057938511735091,0.057263296053282
Morocco,36.537077890861,37.026351294871
Mozambique,3.7215645760721,5.9518232752542
Myanmar,16.452733592447,17.351050781596
Namibia,3.8581287219199,3.8433075034421
Nauru,0.073018352748377,0.07660298848284
Nepal,3.4837186603005,5.7868949751806
Netherlands,135.91940988555,139.18468714465
Netherlands Antilles,13.176122213199,13.302307998705
New Caledonia,3.0672146498629,3.2410240681847
New Zealand,22.662552595409,22.954221561471
Nicaragua,5.2179607967623,5.3971704416717
Niger,1.9229615632816,1.7253828744703
Nigeria,45.942579200049,60.434513646646
Niue,0.007771318932894,0.0073833074713308
North Korea,3.129874558229,2.8980442300208
Northern Mariana Islands,-,-
Norway,29.594343099836,30.121668101804
Oman,26.226826116335,26.494908272561
Pakistan,80.459977728523,85.044602272407
Palestinian Territories,2.9451977491719,3.1199957217454
Panama,22.07977036686,24.737927967549
Papua New Guinea,5.8710011580598,5.9008290982967
Paraguay,5.8159732529189,7.2087069096893
Peru,32.275825038292,33.56999415954
Philippines,58.145209723173,61.615254874863
Poland,73.280046630353,79.493736112094
Portugal,33.299348952359,33.951236597136
Puerto Rico,15.562626895702,13.550865202996
Qatar,32.974520925902,22.341108576198
Reunion,2.6922993348633,2.7316142926814
Romania,27.99293337418,29.338445212181
Russia,473.77839014968,481.85410405785
Rwanda,0.97386457207926,0.9871225981113
Saint Helena,0.0098597045561573,0.010629373728264
Saint Kitts and Nevis,0.25412269736943,0.24853458034322
Saint Lucia,0.43920892689233,0.43849685793332
Saint Pierre and Miquelon,0.098260306318142,0.10003735759068
Saint Vincent/Grenadines,0.22671717259705,0.22708800746911
Samoa,0.33526526213454,0.34147123558654
Sao Tome and Principe,0.1520838153758,0.14841441178243
Saudi Arabia,457.19533320833,448.59732848341
Senegal,6.9629915793345,7.6081059040617
Serbia,10.614839404558,10.829154363107
Seychelles,1.1372236832834,1.1520345067761
Sierra Leone,0.97426591490261,0.98617342189132
Singapore,215.73368336565,229.41853447272
Slovakia,11.200259468563,11.650772490463
Slovenia,7.0383523858068,7.5410601712609
Solomon Islands,0.2298602241658,0.23385776140776
Somalia,0.84709818550434,0.85089662601373
South Africa,91.846826058366,92.421895235398
South Korea,296.01928965617,314.95467393855
South Sudan,1.0907307778714,1.2220819055674
Spain,183.59376350376,189.13697971751
Sri Lanka,16.679292249647,18.949238970711
Sudan,15.428780782229,18.948834792752
Suriname,2.2888889249596,2.0583252912806
Swaziland,0.76525532159549,0.77051014579129
Sweden,41.180829444017,44.658238001038
Switzerland,32.040178732983,32.402839810766
Syria,20.616548269752,20.846620604894
Taiwan,135.37858810492,139.43041321396
Tajikistan,2.7638451453771,2.4977769388055
Tanzania,10.171164684606,10.825567610155
Thailand,177.17951298586,181.86071463691
The Bahamas,2.9488985458837,3.0941183361152
Timor-Leste,0.52745015540217,0.53191006405968
Togo,2.1537857516125,2.2641487399372
Tonga,0.1409507076987,0.13965483415559
Trinidad and Tobago,7.3208814593971,8.2171363099427
Tunisia,13.833915116509,13.133349665543
Turkey,122.22648169002,131.41458326304
Turkmenistan,22.160589256175,20.759566185483
Turks and Caicos Islands,0.212972677225,0.22145204235
Tuvalu,-,-
U.S. Pacific Islands,0.302227876176,0.29438262577511
U.S. Territories,-,-
U.S. Virgin Islands,2.9280708121711,2.4590054520341
Uganda,4.6228484894821,4.7108142649833
Ukraine,33.002970393051,34.411262514893
United Arab Emirates,133.78233255638,137.29763989488
United Kingdom,218.04097272023,222.75826218845
United States,2301.467,2324.26
Uruguay,7.4700804323897,7.3927184312587
Uzbekistan,8.4990508678826,7.2370094029294
Vanuatu,0.1604381131473,0.16492411353089
Venezuela,93.389891530761,79.459640238041
Vietnam,58.353695462652,66.835620418596
Wake Island,1.3676360518691,1.3713829999564
Western Sahara,0.26848519987577,0.26901425736121
Yemen,14.368551759126,7.6051707085221
Zambia,3.357329645308,3.239773587038
Zimbabwe,3.8657219475513,3.5140442446015