,Unnamed: 0,country,gdp_usd,population,CPI,rank,GI_risk,co2_mmt,gdp_capita,regulatory_quality,political_stability,accountability,rule_of_law,co2_mmt_capita,co2_kg_capita,GDP_Ag_and_Forest,petro_income,resource_income,co2_dollar,co2_kg_dollar,KOFGI
0,0,Afghanistan,59638900000.0,34600200.0,16,172,10,8.54149,1723.66,-1.32769,-2.67105,-1.03984,-1.49819,2.468624458818157e-07,0.00024686244588181566,21.0811,0.0008241219999999999,0.6258600000000001,1.432201130470213e-10,0.1432201130470213,38.658775329589794
1,1,Albania,30875800000.0,2927090.0,36,99,35,4.22116,10548.3,0.189022,0.344645,0.169949,-0.328867,1.4421011994848126e-06,0.0014421011994848127,19.85,0.8534209999999999,1.0495,1.3671419040154427e-10,0.13671419040154428,67.1855545043945
2,2,Algeria,553624000000.0,40563900.0,35,105,35,138.72299999999998,13648.2,-1.17188,-1.09753,-0.8631690000000001,-0.857401,3.4198634746658983e-06,0.0034198634746658977,12.2128,10.0461,12.3034,2.5057259078363654e-10,0.2505725907836365,53.1823387145996
3,3,Angola,176813000000.0,28852900.0,19,165,22,21.417,6128.08,-1.00138,-0.315899,-1.14293,-1.08732,7.422824048882435e-07,0.0007422824048882434,9.83117,10.1687,10.7462,1.2112797135957195e-10,0.12112797135957196,41.751495361328104
4,4,Argentina,799476000000.0,43897900.0,40,85,35,194.1,18212.2,-0.469625,0.204626,0.492563,-0.393606,4.421623813439823e-06,0.004421623813439823,6.26457,0.552452,1.13494,2.4278402353541567e-10,0.2427840235354157,63.024387359619105
5,5,Armenia,23446700000.0,2921300.0,35,105,35,5.2198,8026.12,0.250056,-0.6622640000000001,-0.579335,-0.11913,1.7868072433505631e-06,0.0017868072433505629,16.3905,0.0,4.4120800000000004,2.2262407929474083e-10,0.22262407929474085,67.08510589599611
6,6,Australia,1088900000000.0,24246000.0,77,13,71,411.729,44910.7,1.89697,1.04796,1.35101,1.75552,1.698131650581539e-05,0.01698131650581539,2.3873,0.172404,6.09512,3.781146110753972e-10,0.3781146110753972,79.28904724121091
7,7,Austria,383118000000.0,8745720.0,76,14,71,68.1012,43806.3,1.44044,0.909639,1.33742,1.81497,7.78680314485257e-06,0.0077868031448525684,1.1127200000000002,0.0234024,0.112891,1.7775515637479842e-10,0.17775515637479838,87.9089584350586
8,8,Azerbaijan,155209000000.0,9713940.0,25,152,35,35.1174,15978.0,-0.282023,-0.803879,-1.5631,-0.519861,3.615155127579541e-06,0.003615155127579541,5.60511,13.1744,15.4402,2.2625878653944042e-10,0.2262587865394404,59.2881927490234
9,9,Bahrain,61076200000.0,1348410.0,36,99,35,38.1075,45295.0,0.6082390000000001,-0.7934260000000001,-1.3721299999999998,0.456381,2.8261063029790638e-05,0.028261063029790645,0.332012,1.8112400000000002,3.22726,6.239337090388727e-10,0.6239337090388728,65.9497146606445
10,10,Bangladesh,569985000000.0,162916000.0,26,149,22,79.2048,3498.64,-0.79668,-1.26194,-0.585298,-0.663492,4.861695597731346e-07,0.0004861695597731347,14.0455,0.013982399999999999,0.6441560000000001,1.389594463012185e-10,0.13895944630121848,45.544895172119105
11,11,Barbados,4731870000.0,284887.0,68,25,71,1.75655,16609.6,0.481065,0.97661,1.08573,0.7951229999999999,6.1657780102286175e-06,0.006165778010228618,1.37998,0.0510713,0.0667225,3.712168762032769e-10,0.37121687620327704,59.94364929199221
12,12,Belarus,155762000000.0,9471700.0,44,70,47,55.44300000000001,16445.0,-0.941261,0.142281,-1.33949,-0.716039,5.853542658656841e-06,0.005853542658656841,6.8952800000000005,0.384228,1.29721,3.55946893337271e-10,0.355946893337271,65.00070953369139
13,13,Belgium,464710000000.0,11336500.0,75,17,71,137.639,40992.4,1.34068,0.441367,1.37696,1.39096,1.214122524588718e-05,0.012141225245887179,0.634991,0.0,0.018805900000000004,2.961825654709389e-10,0.2961825654709389,90.4742889404297
14,14,Benin,21403300000.0,10885400.0,40,85,35,5.43566,1966.24,-0.527894,-0.00202717,0.413315,-0.608593,4.993532621676742e-07,0.0004993532621676742,23.2404,0.0739684,6.00174,2.5396364112076175e-10,0.2539636411207617,48.9865608215332
15,15,Bhutan,5877710000.0,796958.0,68,25,71,0.5804600000000001,7375.18,-0.665137,1.1233,-0.0259746,0.493501,7.283445300756127e-07,0.0007283445300756124,16.6445,0.0,4.35821,9.87561482277962e-11,0.0987561482277962,40.8336753845215
16,16,Bolivia,71531400000.0,10888600.0,29,132,35,17.9948,6569.38,-0.924095,-0.248866,-0.0369255,-1.20056,1.6526275186892715e-06,0.0016526275186892715,11.1719,0.925751,5.241709999999999,2.515650469583987e-10,0.2515650469583987,59.91886901855471
17,17,Bosnia and Herzegovina,39560500000.0,3528410.0,38,89,35,18.5662,11212.0,-0.166648,-0.397839,-0.132196,-0.21673,5.26191684072996e-06,0.00526191684072996,6.3693800000000005,0.0,1.17979,4.693115607740043e-10,0.4693115607740043,69.4781646728516
18,18,Botswana,33933800000.0,2250510.0,61,34,59,5.78343,15078.3,0.528487,0.99456,0.394302,0.533726,2.569830838343309e-06,0.0025698308383433088,2.04973,0.0,1.14278,1.7043272489376376e-10,0.17043272489376374,56.5203132629395
19,19,Brazil,2870230000000.0,207852000.0,35,105,35,492.541,13809.1,-0.207316,-0.377205,0.450566,-0.157223,2.3696716894713544e-06,0.0023696716894713553,4.893009999999999,0.823918,3.01461,1.7160332098821346e-10,0.1716033209882135,59.6389312744141
20,20,Bulgaria,132051000000.0,7121330.0,42,77,35,42.8881,18543.0,0.658518,0.07733330000000001,0.401109,-0.0614716,6.02248456397892e-06,0.006022484563978921,4.054819999999999,0.00679084,1.3404200000000002,3.247843636170873e-10,0.3247843636170873,79.5186462402344
21,21,Burkina Faso,29994700000.0,18669200.0,41,78,47,3.41815,1606.64,-0.397383,-0.867376,0.0133565,-0.441279,1.8309033059799027e-07,0.00018309033059799024,30.7572,0.0,21.1141,1.1395846599565921e-10,0.11395846599565923,54.63960266113279
22,22,Burundi,7130170000.0,10547300.0,17,170,22,0.217061,676.018,-0.825259,-1.97072,-1.54965,-1.46024,2.057976923003992e-08,2.057976923003992e-05,30.6459,0.0,17.0211,3.044261216773233e-11,0.030442612167732325,38.9452323913574
23,23,Cambodia,53465400000.0,15757200.0,20,161,22,9.64978,3393.08,-0.46522,0.211038,-1.10694,-1.06366,6.124044881070241e-07,0.0006124044881070241,24.7427,0.0,1.88822,1.804864454394805e-10,0.18048644543948048,56.672183990478494
24,24,Cameroon,76987300000.0,23459200.0,25,152,35,7.1112199999999985,3281.75,-0.789898,-1.06214,-1.0329700000000002,-1.036,3.031313940799345e-07,0.00030313139407993453,14.543,1.68802,5.90255,9.2368741337857e-11,0.092368741337857,48.0793533325195
25,25,Central African Republic,2824990000.0,4621060.0,26,149,22,0.414601,611.3290000000002,-1.42731,-1.78927,-1.08655,-1.8165,8.971989110723514e-08,8.971989110723513e-05,31.3794,0.0,14.0879,1.4676193544047942e-10,0.14676193544047944,34.7126808166504
26,26,Chad,26306200000.0,14464500.0,19,165,22,0.342687,1818.67,-1.18002,-1.30236,-1.35586,-1.37793,2.3691589754225866e-08,2.369158975422587e-05,46.1258,6.758139999999999,13.1924,1.3026852985227815e-11,0.013026852985227816,40.081489562988295
27,27,Chile,396449000000.0,17928000.0,67,27,59,83.5098,22113.4,1.37306,0.413111,0.99514,1.12927,4.658065595716198e-06,0.004658065595716198,3.99347,0.00811921,10.2821,2.106444965178371e-10,0.2106444965178371,74.14324951171879
28,28,China,19400000000000.0,1404130000.0,39,87,47,10592.8,13816.4,-0.264475,-0.499395,-1.56129,-0.334415,7.5440308233568116e-06,0.007544030823356813,8.12625,0.256726,1.2577399999999999,5.460206185567011e-10,0.5460206185567009,61.232608795165994
29,29,Colombia,623204000000.0,48627000.0,36,99,47,87.7055,12816.0,0.402009,-0.882459,0.120772,-0.278798,1.803637896641784e-06,0.001803637896641784,6.60641,1.8408099999999998,3.41675,1.407332109550003e-10,0.1407332109550003,61.6802368164062
30,30,Comoros,1149000000.0,795859.0,27,144,47,0.193975,1443.72,-1.04956,0.0357599,-0.25193000000000004,-0.998509,2.4373035927218266e-07,0.00024373035927218267,29.6406,0.0,2.43475,1.6882071366405572e-10,0.1688207136640557,40.2011680603027
31,31,Costa Rica,72358900000.0,4855120.0,56,48,47,7.65027,14903.6,0.407434,0.661428,1.11753,0.466043,1.575711825866302e-06,0.0015757118258663018,5.130809999999999,0.0,1.1805,1.0572673161145346e-10,0.10572673161145346,67.6670608520508
32,32,Croatia,88538700000.0,4167880.0,48,60,47,17.0616,21243.1,0.35627800000000004,0.6637689999999999,0.524517,0.409176,4.093591946025316e-06,0.004093591946025317,3.1359,0.160429,0.590698,1.9270217430344016e-10,0.19270217430344014,79.0417938232422
33,33,Cuba,130111000000.0,11468200.0,47,61,47,24.6833,11345.4,-1.3387,0.6853640000000001,-1.5602,-0.442362,2.1523255611168274e-06,0.002152325561116828,3.9389300000000005,0.22676,0.499363,1.897095556870672e-10,0.1897095556870672,59.2374801635742
34,34,Cyprus,27741900000.0,854802.0,59,38,59,8.146,32454.2,1.05263,0.604255,1.0465799999999998,0.721344,9.529692256218401e-06,0.0095296922562184,1.92518,0.0,0.0241952,2.9363525930091307e-10,0.29363525930091305,75.5985946655273
35,35,Czech Republic,321115000000.0,10569400.0,59,38,71,106.275,30381.4,0.986401,0.976116,1.0247700000000002,1.0355,1.0054970007758247e-05,0.010054970007758249,2.06494,0.0072732,0.308197,3.309561994923938e-10,0.3309561994923937,83.4099349975586
36,36,Denmark,253475000000.0,5733200.0,88,1,83,37.7633,44211.7,1.57541,0.867915,1.54136,1.9123900000000005,6.586775273843578e-06,0.0065867752738435785,0.996361,0.271958,0.362379,1.4898234539895452e-10,0.14898234539895452,87.85067749023442
37,37,Djibouti,3037470000.0,941911.0,31,124,47,0.951511,3224.8,-0.70002,-0.6264,-1.37253,-0.975927,1.0101920457452987e-06,0.0010101920457452986,1.9425299999999999,0.0,0.68462,3.132577441094069e-10,0.3132577441094069,54.3823776245117
38,38,Dominica,734646000.0,73543.0,57,45,59,0.19918,9989.34,0.199075,1.00244,0.8993959999999999,0.606374,2.708347497382484e-06,0.002708347497382484,16.2839,0.0,0.0568528,2.7112377934406503e-10,0.271123779344065,52.5913772583008
39,39,Dominican Republic,147299000000.0,10644400.0,30,129,35,23.3221,13838.2,-0.06524500000000001,0.252106,0.180617,-0.395149,2.1910206305663067e-06,0.002191020630566307,5.78452,0.0,2.18321,1.583316926795158e-10,0.1583316926795158,61.524055480957
40,40,Ecuador,167902000000.0,16382600.0,34,114,22,36.82,10248.8,-1.01845,-0.085358,-0.248473,-0.761253,2.2475065007996287e-06,0.002247506500799629,9.51902,3.17948,3.74535,2.192945885099641e-10,0.2192945885099641,60.6681251525879
41,41,El Salvador,44525200000.0,6345790.0,35,105,35,7.318,7016.49,0.0939717,-0.0992914,0.188029,-0.709517,1.153205511055361e-06,0.001153205511055361,5.63092,0.0,0.968815,1.643563644857294e-10,0.1643563644857294,65.8558502197266
42,42,Equatorial Guinea,28910200000.0,1221570.0,16,172,10,3.06355,23666.4,-1.38024,-0.140869,-1.95255,-1.51585,2.5078792046301075e-06,0.0025078792046301073,2.33224,12.0421,16.2133,1.0596778991497814e-10,0.10596778991497813,42.304847717285206
43,43,Estonia,35961100000.0,1315640.0,73,18,71,5.26909,27333.5,1.6981400000000002,0.673908,1.2079799999999998,1.22636,4.004963363838131e-06,0.004004963363838133,2.0862700000000003,0.21048699999999998,1.14431,1.4652193620328636e-10,0.14652193620328635,81.9686279296875
44,44,Ethiopia,163867000000.0,102450000.0,34,114,35,12.0258,1599.48,-1.10131,-1.61981,-1.40366,-0.492349,1.1738213762811127e-07,0.00011738213762811128,34.6088,0.0,11.3692,7.338756430519871e-11,0.07338756430519873,42.506843566894496
45,45,Finland,213514000000.0,5497300.0,85,3,83,46.6064,38839.8,1.81741,0.999086,1.53173,2.01521,8.478052862314228e-06,0.00847805286231423,2.38021,0.0,0.560388,2.1828264188765138e-10,0.2182826418876514,85.9784393310547
46,46,France,2487650000000.0,66892100.0,72,21,71,354.099,37189.0,1.0703200000000002,-0.0953591,1.13557,1.41308,5.293584743190902e-06,0.0052935847431909,1.43711,0.00399977,0.039476800000000006,1.4234277330010248e-10,0.1423427733001025,87.3366470336914
47,47,Gabon,32497900000.0,1974400.0,31,124,35,3.98041,16459.6,-0.79791,-0.104911,-0.969589,-0.6045520000000001,2.0160099270664505e-06,0.0020160099270664505,4.97314,8.974,12.227,1.2248206807209079e-10,0.1224820680720908,52.48893737792971
48,48,Georgia,35487600000.0,3940930.0,58,41,47,10.3538,9004.88,1.00866,-0.313291,0.29372600000000004,0.383661,2.627247883113884e-06,0.002627247883113884,7.72735,0.102769,1.07445,2.917582479513971e-10,0.2917582479513971,72.4989471435547
49,49,Germany,3649310000000.0,82392000.0,80,11,83,826.4019999999998,44292.1,1.81702,0.681363,1.36378,1.62202,1.003012428391106e-05,0.01003012428391106,0.666319,0.0081633,0.0584717,2.2645431602138486e-10,0.22645431602138485,86.8944244384766
50,50,Ghana,106867000000.0,28213000.0,41,78,35,13.4355,3787.86,-0.23251,-0.130929,0.5836060000000001,0.0487858,4.7621663772019997e-07,0.0004762166377201998,20.9769,1.06667,11.6513,1.2572169144824874e-10,0.12572169144824874,55.83280944824221
51,51,Greece,262440000000.0,10774000.0,45,67,47,68.2389,24358.5,0.148387,-0.121599,0.668495,0.107346,6.333664377204381e-06,0.0063336643772043824,3.57726,0.0109409,0.0872834,2.6001714677640603e-10,0.260017146776406,80.31309509277341
52,52,Grenada,1357040000.0,107320.0,52,53,47,0.284114,12644.8,0.084025,1.01893,0.817036,0.5689649999999999,2.647353708535221e-06,0.0026473537085352217,6.20639,0.0,0.0,2.0936302540824144e-10,0.20936302540824145,53.304840087890604
53,53,Guatemala,119582000000.0,16584100.0,27,144,22,16.7256,7210.64,-0.202432,-0.542593,-0.291889,-1.01984,1.008532268859932e-06,0.001008532268859932,10.0094,0.0770888,1.9967400000000002,1.3986720409426167e-10,0.13986720409426168,63.1695976257324
54,54,Guinea,23002100000.0,12423400.0,28,138,35,2.79777,1851.51,-0.867674,-0.393875,-0.761686,-1.21607,2.2520163562309843e-07,0.00022520163562309833,17.5899,0.0,21.0993,1.2163106846766165e-10,0.12163106846766165,45.0120506286621
55,55,Guyana,5494550000.0,772968.0,37,93,35,2.1348,7108.38,-0.416516,-0.0260627,0.253539,-0.309114,2.76182196416928e-06,0.0027618219641692802,15.2001,0.0,25.0626,3.8853045290333146e-10,0.3885304529033313,53.545528411865206
56,56,Honduras,39336500000.0,9112520.0,29,132,22,9.28918,4316.75,-0.5130279999999999,-0.433312,-0.439699,-1.1187,1.0193865143780206e-06,0.0010193865143780208,12.0499,0.0,2.16894,2.361465814192925e-10,0.2361465814192925,61.713077545165994
57,57,Hungary,248450000000.0,9809900.0,46,64,59,49.4891,25326.4,0.603422,0.654679,0.401252,0.423058,5.044811873719406e-06,0.005044811873719407,3.87207,0.06849889999999999,0.255659,1.9919138659690082e-10,0.1991913865969008,84.1970977783203
58,58,Iceland,15568300000.0,332840.0,76,14,83,3.23266,46774.1,1.27685,1.36162,1.35605,1.51954,9.712354284340823e-06,0.009712354284340823,4.59204,0.0,0.000250379,2.0764373759498463e-10,0.20764373759498467,70.6239013671875
59,59,India,7962030000000.0,1326110000.0,41,78,47,2154.76,6004.06,-0.306505,-0.95384,0.440187,-0.0288772,1.6248727481129018e-06,0.0016248727481129018,16.2498,0.235021,1.8376700000000001,2.7062947514641367e-10,0.2706294751464137,56.774929046630895
60,60,Indonesia,2754650000000.0,261461000.0,38,89,47,513.149,10535.6,-0.122344,-0.372952,0.166679,-0.34475100000000003,1.9626215764492603e-06,0.00196262157644926,13.4787,0.649637,3.05878,1.86284645962282e-10,0.186284645962282,62.0363655090332
61,61,Iraq,693340000000.0,37202600.0,18,168,10,120.478,18636.9,-1.12507,-2.31359,-1.01679,-1.62559,3.2384295721266788e-06,0.003238429572126679,3.8,31.1565,31.3419,1.7376467533966018e-10,0.17376467533966014,42.308910369873
62,62,Ireland,293455000000.0,4762600.0,73,18,71,37.5098,61616.7,1.74097,0.8478190000000001,1.29098,1.51724,7.875908117414857e-06,0.007875908117414857,0.9403969999999999,0.0,0.0997523,1.2782130139203623e-10,0.12782130139203626,83.5280227661133
63,63,Israel,275424000000.0,8194350.0,61,34,59,70.4422,33611.4,1.31263,-0.794536,0.7866029999999999,1.07218,8.596435348746392e-06,0.008596435348746392,1.20963,0.00145742,0.16675299999999998,2.5575912048332754e-10,0.25575912048332755,75.7312850952148
64,64,Italy,2039770000000.0,60618000.0,52,53,59,356.122,33649.7,0.710592,0.369415,1.03399,0.32916,5.874855653436272e-06,0.005874855653436273,1.88173,0.0242829,0.0494236,1.7458929192997249e-10,0.1745892919299725,82.15000915527341
65,65,Jamaica,23165100000.0,2880180.0,44,70,35,8.765130000000001,8042.94,0.16384300000000002,0.307684,0.681261,-0.20327,3.0432577130596e-06,0.0030432577130596,6.5971,0.0,1.2312299999999998,3.783765233044537e-10,0.3783765233044537,64.3552780151367
66,66,Japan,4740050000000.0,127716000.0,73,18,71,1202.52,37114.0,1.42812,0.982944,0.987905,1.42099,9.415578314385042e-06,0.009415578314385041,1.21108,0.00148938,0.025740199999999998,2.536935264395945e-10,0.2536935264395945,77.29978942871091
67,67,Jordan,77707300000.0,9369170.0,49,58,35,24.5321,8293.94,0.0516795,-0.492398,-0.713007,0.3043,2.618385620070935e-06,0.002618385620070935,5.2461400000000005,0.000678472,1.2016,3.156987824824695e-10,0.31569878248246946,74.3131790161133
68,68,Kazakhstan,408057000000.0,17955200.0,31,124,35,279.283,22726.4,-0.0997007,0.00845748,-1.20755,-0.4350890000000001,1.555443548387097e-05,0.01555443548387097,4.556,7.14542,12.3944,6.844215391477172e-10,0.6844215391477172,59.097530364990206
69,69,Kenya,138918000000.0,48487400.0,27,144,22,17.8866,2865.03,-0.30033000000000004,-1.35479,-0.115443,-0.4405520000000001,3.688917120736522e-07,0.00036889171207365215,31.0723,0.0,2.69254,1.287565326307606e-10,0.1287565326307606,55.4344825744629
70,71,Kuwait,268528000000.0,4009210.0,41,78,35,98.3647,66977.8,-0.073882,-0.0496832,-0.628963,0.0279303,2.4534683890342485e-05,0.024534683890342485,0.518517,31.6395,32.147,3.6631077578502055e-10,0.3663107757850205,69.2024765014648
71,72,Latvia,45772200000.0,1950120.0,58,41,59,8.41797,23471.5,1.08024,0.479069,0.84249,0.958983,4.316642052796751e-06,0.00431664205279675,3.20553,0.0,1.02146,1.8391010263871962e-10,0.1839101026387196,75.4191131591797
72,73,Lebanon,78065500000.0,5885140.0,28,138,22,23.26,13264.9,-0.343162,-1.61897,-0.520428,-0.8304969999999999,3.952327387283905e-06,0.003952327387283905,2.90483,0.0,0.00124701,2.979549224689524e-10,0.2979549224689524,65.1069717407227
73,74,Lesotho,6204920000.0,2204160.0,41,78,59,0.712526,2815.09,-0.38759,-0.236465,0.033744800000000005,-0.168291,3.232641913472706e-07,0.00032326419134727063,5.8687,0.0,6.341559999999999,1.1483242330279841e-10,0.11483242330279846,51.4799385070801
74,75,Liberia,5308960000.0,4620470.0,32,120,22,1.1645299999999998,1149.01,-0.948493,-0.437408,-0.107508,-0.945159,2.520371304217969e-07,0.00025203713042179694,37.2422,0.0,23.6958,2.193518127844248e-10,0.2193518127844248,53.1868553161621
75,76,Lithuania,78404100000.0,2847900.0,59,38,59,13.9695,27530.5,1.13622,0.8282799999999999,0.99997,1.02936,4.905193300326557e-06,0.004905193300326557,3.0773900000000003,0.0206936,0.37616700000000003,1.7817308023432446e-10,0.1781730802343245,78.7786407470703
76,77,Luxembourg,53497500000.0,580210.0,81,9,83,10.1962,92203.7,1.7220799999999998,1.41948,1.50021,1.76036,1.7573292428603436e-05,0.017573292428603438,0.224068,0.0,0.012339200000000002,1.905920837422309e-10,0.19059208374223094,82.0016860961914
77,78,Madagascar,33506800000.0,24925400.0,25,152,35,3.84001,1344.28,-0.689742,-0.290095,-0.313077,-0.813404,1.5406011538430677e-07,0.00015406011538430676,21.4354,0.0709629,11.3137,1.1460390129764704e-10,0.11460390129764705,46.7839241027832
78,79,Malawi,19205900000.0,18115600.0,32,120,47,1.05403,1060.19,-0.844849,-0.113479,-0.0307756,-0.375331,5.818355450550907e-08,5.818355450550907e-05,25.927,0.0,11.0401,5.488053150334011e-11,0.054880531503340116,46.2368278503418
79,80,Malaysia,784953000000.0,31237900.0,47,61,47,215.716,25128.2,0.711795,0.136825,-0.418371,0.499149,6.905585842838347e-06,0.006905585842838346,8.65364,1.70721,5.51005,2.7481390605552183e-10,0.2748139060555218,79.2790451049805
80,81,Maldives,5970570000.0,364000.0,31,124,35,1.65195,16402.7,-0.457905,0.420993,-0.733073,-0.407596,4.538324175824176e-06,0.004538324175824175,5.63056,0.0,0.00651237,2.7668212582718234e-10,0.2766821258271823,50.651615142822294
81,82,Mali,44354500000.0,18031200.0,32,120,35,3.38734,2459.88,-0.590875,-1.61723,-0.183506,-0.782162,1.8785993167398727e-07,0.00018785993167398733,38.3677,0.0,12.3975,7.636970318682432e-11,0.07636970318682433,50.2632713317871
82,83,Malta,16363000000.0,460297.0,54,51,59,7.821639999999999,35548.8,1.15679,1.08044,1.19631,0.997759,1.6992593912191477e-05,0.016992593912191475,1.21771,0.0,0.0,4.780077002994561e-10,0.4780077002994561,77.5127487182617
83,84,Mauritania,15050300000.0,4302630.0,27,144,35,2.61943,3497.93,-0.743002,-0.7469680000000001,-0.775239,-0.726432,6.087974099562361e-07,0.0006087974099562363,23.9902,0.574156,20.840999999999998,1.7404503564712996e-10,0.17404503564712995,51.101844787597706
84,85,Mauritius,24246200000.0,1262390.0,51,56,59,6.0273900000000005,19206.6,1.02976,1.01319,0.8190390000000001,0.751672,4.774586300588567e-06,0.004774586300588565,3.1879299999999997,0.0,0.00358581,2.485911194331483e-10,0.2485911194331483,69.5999374389648
85,86,Mexico,2145030000000.0,127740000.0,28,138,22,452.581,16792.2,0.287122,-0.629069,-0.069213,-0.556211,3.542985752309378e-06,0.003542985752309379,3.34955,1.22232,2.27688,2.109905222770777e-10,0.21099052227707768,70.4628067016602
86,87,Moldova,20239900000.0,3553100.0,33,117,47,7.607939999999998,5696.41,-0.114886,-0.30356,-0.0212144,-0.494989,2.14121189946807e-06,0.00214121189946807,11.3987,0.0106009,0.33868200000000004,3.758882207916047e-10,0.3758882207916047,66.9958343505859
87,88,Mongolia,33944700000.0,3023380.0,37,93,47,16.7791,11227.4,-0.0763125,0.797793,0.331928,-0.220197,5.549782032030376e-06,0.005549782032030375,11.6894,1.50769,25.1767,4.943069168382694e-10,0.4943069168382693,64.0908966064453
88,89,Montenegro,9459120000.0,628422.0,45,67,47,2.21769,15052.2,0.224433,0.276631,0.0759906,-0.00568145,3.528982117112387e-06,0.0035289821171123866,7.46824,0.0,1.02552,2.344499276888336e-10,0.23444992768883366,69.032096862793
89,90,Morocco,255334000000.0,35256800.0,43,73,35,52.8825,7242.12,-0.23495,-0.312573,-0.626316,-0.158313,1.499923419028386e-06,0.001499923419028386,11.993,0.00734429,2.21155,2.0711107803896073e-10,0.20711107803896076,67.0068283081055
90,91,Mozambique,31836300000.0,28870400.0,23,158,22,9.66452,1102.73,-0.7045600000000001,-1.094,-0.4182520000000001,-1.05131,3.347553203280869e-07,0.00033475532032808687,22.618000000000002,0.07188639999999999,17.5869,3.035691961691528e-10,0.3035691961691528,48.2142562866211
91,92,Myanmar,274870000000.0,52884600.0,29,132,22,27.0065,5197.54,-0.868316,-0.80462,-0.797783,-0.886977,5.106685121944763e-07,0.0005106685121944763,25.4685,0.140039,6.7668,9.82519008986066e-11,0.0982519008986066,39.8046455383301
92,93,Namibia,23848200000.0,2479760.0,53,52,59,3.85431,9617.14,-0.135936,0.71009,0.5822149999999999,0.362666,1.5543076749362842e-06,0.0015543076749362842,6.10992,0.0,4.08419,1.6161848692983117e-10,0.16161848692983116,58.874416351318395
93,94,Nepal,66244500000.0,28977100.0,31,124,35,6.182930000000002,2286.1,-0.764532,-0.8468120000000001,-0.252871,-0.795469,2.133729738310597e-07,0.00021337297383105966,29.1492,0.0,1.3040200000000002,9.333499384854592e-11,0.09333499384854592,45.5896606445312
94,95,Netherlands,800064000000.0,17043100.0,82,8,83,248.652,46943.6,1.97617,0.912268,1.54028,1.89441,1.4589599309984686e-05,0.014589599309984684,1.76653,0.0147969,0.28736999999999996,3.107901367890569e-10,0.3107901367890569,90.2375335693359
95,96,New Zealand,163069000000.0,4659580.0,87,2,83,37.5117,34996.5,2.03828,1.51918,1.53241,1.95447,8.050446606775717e-06,0.008050446606775721,6.56941,0.132359,1.0112299999999999,2.3003575173699484e-10,0.23003575173699475,78.0020446777344
96,97,Nicaragua,30907500000.0,6148940.0,25,152,22,5.39717,5026.48,-0.5067050000000001,-0.0887977,-0.681534,-0.644227,8.777399031377766e-07,0.0008777399031377768,14.9153,0.0,3.6466,1.7462331149397398e-10,0.17462331149397395,60.678615570068395
97,98,Niger,18585200000.0,20732500.0,34,114,35,2.24872,896.428,-0.671357,-1.10331,-0.422797,-0.661077,1.0846352345351503e-07,0.00010846352345351504,38.7842,1.32865,13.4238,1.2099520048210404e-10,0.12099520048210405,48.348751068115206
98,99,Nigeria,990122000000.0,186176000.0,27,144,22,97.1037,5318.2,-0.918893,-1.87771,-0.320183,-1.01725,5.215693752148504e-07,0.0005215693752148506,20.9831,2.80315,4.85953,9.807245975748444e-11,0.09807245975748444,54.930335998535206
99,100,Norway,332520000000.0,5240470.0,84,7,83,43.2387,63452.3,1.69796,1.20007,1.66425,2.03633,8.250920241886701e-06,0.008250920241886702,2.07813,2.68045,4.12916,1.300333814507398e-10,0.1300333814507398,85.81146240234379
100,101,Oman,166236000000.0,4389790.0,52,53,47,68.4576,37868.8,0.610466,0.760053,-1.05441,0.407917,1.5594732322047296e-05,0.015594732322047297,2.26193,18.1573,19.6681,4.118097163069371e-10,0.4118097163069371,63.119480133056605
101,102,Pakistan,896298000000.0,193177000.0,33,117,35,175.707,4639.78,-0.639584,-2.48317,-0.700991,-0.8043779999999999,9.095648032633284e-07,0.0009095648032633283,23.2152,0.22239499999999998,0.931522,1.9603636290608703e-10,0.19603636290608706,51.700382232665994
102,103,Panama,83118400000.0,4033260.0,37,93,35,25.4585,20608.2,0.360629,0.41143,0.523939,0.0495611,6.312139559562239e-06,0.00631213955956224,2.6019,0.0,0.208337,3.062919882962136e-10,0.3062919882962136,69.8917770385742
103,104,Papua New Guinea,25287200000.0,8087000.0,28,138,22,6.097,3126.9,-0.55599,-0.504772,0.15724200000000002,-0.776429,7.539260541609992e-07,0.0007539260541609992,17.8665,2.11856,22.3526,2.4111012686260244e-10,0.24111012686260244,53.6831741333008
104,105,Paraguay,75552100000.0,6724560.0,29,132,22,7.208710000000001,11235.2,-0.299976,0.14179,-0.0623435,-0.729748,1.0719972756581842e-06,0.0010719972756581843,10.7513,0.0,1.6907299999999998,9.541376083523821e-11,0.0954137608352382,63.5042877197266
105,106,Peru,373980000000.0,31763800.0,35,105,35,55.0172,11773.8,0.508346,-0.201727,0.267631,-0.482023,1.7320723591006115e-06,0.0017320723591006115,6.93462,0.12563,7.33982,1.471126798224504e-10,0.1471126798224504,67.97641754150389
106,107,Philippines,732704000000.0,103514000.0,36,99,35,110.742,7078.27,-0.00410138,-1.37982,0.162109,-0.354934,1.06982630368839e-06,0.00106982630368839,9.65524,0.0391826,1.23082,1.5114152509062322e-10,0.15114152509062326,64.0764617919922
107,108,Poland,957418000000.0,37970800.0,60,36,59,307.402,25214.6,0.951996,0.507242,0.84349,0.6362180000000001,8.095747258419628e-06,0.008095747258419628,2.38073,0.025629500000000003,0.833353,3.210739718701758e-10,0.32107397187017583,78.7224426269531
108,109,Portugal,273194000000.0,10321500.0,64,30,59,55.1982,26468.5,0.844399,0.974051,1.15696,1.09724,5.347885481761372e-06,0.005347885481761372,1.95354,0.0,0.266921,2.0204762915730213e-10,0.20204762915730207,82.2079086303711
109,110,Qatar,297335000000.0,2543590.0,62,33,47,102.484,116896.0,0.695944,0.900235,-1.1523,0.7942779999999999,4.029108464807615e-05,0.04029108464807615,0.183956,11.732000000000001,15.3526,3.4467519800897974e-10,0.3446751980089797,73.2133026123047
110,111,Romania,405077000000.0,19687800.0,47,61,47,71.6766,20575.0,0.587475,0.277197,0.539775,0.360989,3.6406607137415047e-06,0.0036406607137415047,4.06174,0.242022,0.683528,1.7694561774674939e-10,0.17694561774674936,77.87835693359379
111,112,Rwanda,20705200000.0,11921100.0,56,48,59,0.987123,1736.85,0.107119,-0.054899300000000005,-1.15701,0.101849,8.280469084228805e-08,8.280469084228804e-05,29.3095,0.0,6.257569999999999,4.7675125089349536e-11,0.04767512508934953,52.322444915771506
112,113,Saudi Arabia,1593750000000.0,32187600.0,49,58,22,656.578,49514.4,0.0793312,-0.464828,-1.72922,0.337608,2.039847643191788e-05,0.020398476431917882,2.68562,19.4341,20.0307,4.119705098039216e-10,0.4119705098039216,62.8050346374512
113,114,Senegal,44811700000.0,15421600.0,45,67,47,8.60316,2905.77,-0.143072,-0.218255,0.369219,-0.106501,5.57864294236655e-07,0.0005578642942366552,14.4141,0.0,4.47389,1.919846825717391e-10,0.1919846825717391,60.4805793762207
114,115,Serbia,95269800000.0,7058320.0,39,87,35,47.5103,13497.5,0.0562996,0.140154,0.199048,-0.15925,6.731105985560304e-06,0.006731105985560304,6.8021,0.0848944,1.1598700000000002,4.986921353881293e-10,0.4986921353881293,75.2847366333008
115,116,Seychelles,2259570000.0,94216.0,66,28,71,1.15203,23982.9,-0.259155,0.733005,0.158111,0.150875,1.2227540969686678e-05,0.012227540969686678,2.00964,0.0,0.115672,5.098447934784051e-10,0.5098447934784052,63.285400390625
116,117,Sierra Leone,9885780000.0,7399010.0,30,129,35,0.986173,1336.09,-0.925489,-0.159926,-0.199254,-0.777361,1.332844529200528e-07,0.00013328445292005281,58.2087,0.0,12.401,9.975672127034992e-11,0.09975672127034993,46.964805603027294
117,118,Singapore,458821000000.0,5607280.0,85,3,83,255.185,81825.9,2.18061,1.49576,-0.150454,1.82524,4.5509587536202945e-05,0.04550958753620294,0.0309277,0.0,0.000441298,5.56175501993152e-10,0.556175501993152,80.0117950439453
118,119,Slovenia,60470400000.0,2065900.0,60,36,71,13.5945,29270.7,0.640269,0.990436,1.01017,1.08267,6.5804249963696225e-06,0.006580424996369621,1.9454099999999999,6.73235e-05,0.272819,2.248124702333704e-10,0.2248124702333704,79.7621383666992
119,120,South Africa,672566000000.0,56088600.0,43,73,47,510.751,11991.1,0.211844,-0.141504,0.647684,0.116231,9.10614634702952e-06,0.00910614634702952,2.2240599999999997,0.00513507,5.05525,7.594065117772828e-10,0.7594065117772828,68.6301651000977
120,121,Spain,1537470000000.0,46495000.0,58,41,47,286.124,33067.3,1.0086,0.413188,1.04105,0.978825,6.153866007097537e-06,0.006153866007097538,2.6901599999999997,0.00138326,0.0744008,1.861005417991896e-10,0.1861005417991896,83.3081130981445
121,122,Sri Lanka,237770000000.0,20788000.0,38,89,35,24.2622,11437.8,-0.100036,-0.00402954,-0.0821306,0.110592,1.1671252645757168e-06,0.0011671252645757168,7.4268,0.0,0.145763,1.0204062749716112e-10,0.10204062749716113,54.4507446289062
122,123,Sudan,198875000000.0,39626500.0,16,172,22,18.9488,5018.74,-1.49144,-2.33722,-1.83765,-1.25819,4.781850529317501e-07,0.0004781850529317501,31.2,0.654515,4.73815,9.5279949717159e-11,0.09527994971715899,41.816089630127
123,124,Suriname,7592770000.0,558117.0,43,73,35,2.05833,13604.3,-0.626957,0.162081,0.41524,-0.154877,3.6879901526024115e-06,0.0036879901526024115,9.874789999999999,3.0564299999999998,30.2151,2.710907876835463e-10,0.2710907876835463,44.8901214599609
124,125,Sweden,451782000000.0,9941100.0,85,3,83,53.4077,45445.9,1.8542,1.01794,1.5639,2.01903,5.372413515606925e-06,0.005372413515606925,1.12047,0.0,0.435391,1.1821564382821806e-10,0.11821564382821804,88.0540390014648
125,126,Switzerland,457510000000.0,8419550.0,85,3,83,39.7598,54339.0,1.9119,1.30629,1.53179,1.94754,4.722318888776717e-06,0.004722318888776716,0.664239,0.0,0.0100801,8.690476710891564e-11,0.08690476710891565,89.69720458984379
126,127,Tajikistan,22544700000.0,8733970.0,25,152,22,5.4405199999999985,2581.27,-1.09314,-0.77776,-1.69176,-1.14801,6.229148943722042e-07,0.0006229148943722042,20.3761,0.0314339,4.326980000000001,2.413214635812408e-10,0.2413214635812408,45.4659080505371
127,128,Tanzania,136526000000.0,55658900.0,36,99,35,14.4736,2452.91,-0.435308,-0.440995,-0.223796,-0.376701,2.6004107159861217e-07,0.0002600410715986122,27.4441,0.0,6.80784,1.0601350658482632e-10,0.10601350658482632,48.056667327880895
128,129,Thailand,1060970000000.0,68882500.0,36,99,35,342.339,15402.6,0.16807,-0.988581,-1.02511,-0.00487571,4.969898014735237e-06,0.0049698980147352394,8.45069,0.44883999999999996,1.59833,3.2266605087797014e-10,0.3226660508779701,68.1467361450195
129,130,Timor-Leste,6861370000.0,1269060.0,35,105,35,0.53191,5406.66,-0.977306,-0.0105038,0.21951,-1.15814,4.1913699903865853e-07,0.0004191369990386585,10.7381,14.0617,33.3458,7.752241899212546e-11,0.07752241899212547,52.697052001953104
130,131,Togo,11054100000.0,7610300.0,30,129,35,2.58506,1452.52,-0.7933020000000001,-0.172354,-0.5459,-0.633554,3.396791190886036e-07,0.0003396791190886037,26.3931,0.0,18.4851,2.338553116038393e-10,0.2338553116038393,53.632442474365206
131,132,Trinidad and Tobago,41232700000.0,1363620.0,41,78,35,49.3194,30237.7,0.08672260000000001,0.286352,0.557951,-0.154072,3.616799401592819e-05,0.03616799401592818,0.48729399999999995,1.88763,4.985609999999999,1.1961234651138536e-09,1.1961234651138537,63.731773376464794
132,133,Tunisia,120206000000.0,11399600.0,43,73,47,22.8696,10544.8,-0.470093,-1.14133,0.303427,-0.00310121,2.0061756552861504e-06,0.0020061756552861502,9.45867,1.31621,2.29855,1.902533983328619e-10,0.1902533983328619,64.859748840332
133,134,Turkey,1815580000000.0,79615100.0,41,78,47,366.084,22804.5,0.196143,-2.00906,-0.608911,-0.208644,4.598172959652127e-06,0.004598172959652126,6.18375,0.036099400000000004,0.30141599999999996,2.016347393119554e-10,0.2016347393119554,70.8728485107422
134,135,Uganda,75998600000.0,41553400.0,26,149,22,4.71081,1828.94,-0.213147,-0.7153229999999999,-0.650014,-0.251176,1.1336761853422346e-07,0.00011336761853422343,23.6543,0.0,14.6258,6.198548394312526e-11,0.06198548394312526,52.6559867858887
135,136,Ukraine,320937000000.0,42800000.0,32,120,35,223.957,7498.53,-0.429534,-1.85648,0.000596148,-0.7662939999999999,5.232640186915888e-06,0.005232640186915888,11.7257,0.20739499999999997,3.6092800000000005,6.978223140367112e-10,0.6978223140367112,70.601806640625
136,137,United Arab Emirates,614766000000.0,9286080.0,70,23,47,288.876,66203.0,0.972596,0.564749,-1.05042,0.8490409999999999,3.1108497880698855e-05,0.03110849788069885,0.776055,10.8279,11.3467,4.698958628160958e-10,0.4698958628160958,74.3968811035156
137,138,United Kingdom,2561880000000.0,65687900.0,80,11,71,480.68,39000.9,1.7607099999999998,0.360454,1.29464,1.6915099999999998,7.317633841240167e-06,0.007317633841240169,0.581257,0.215952,0.293216,1.8762783580807843e-10,0.18762783580807849,87.2332992553711
138,139,Uruguay,67787000000.0,3444120.0,70,23,59,7.5194,19682.0,0.4894560000000001,1.06258,1.16297,0.630394,2.1832572616517425e-06,0.0021832572616517425,5.89194,0.0,1.7592700000000001,1.1092687388437313e-10,0.11092687388437313,70.97991943359379
139,140,Uzbekistan,188391000000.0,31428000.0,23,158,22,92.949,5994.37,-1.61992,-0.272571,-1.8869,-1.10682,2.957521954944635e-06,0.0029575219549446354,30.8373,0.47233800000000004,8.810189999999999,4.933834418841664e-10,0.4933834418841664,42.625938415527294
140,141,Vietnam,540764000000.0,94529300.0,33,117,35,218.767,5720.6,-0.453793,0.233592,-1.37498,0.0753607,2.3142771606263882e-06,0.002314277160626388,16.3196,1.0706200000000001,2.62365,4.0455170832377896e-10,0.40455170832377896,59.7000389099121
141,142,Zambia,59353400000.0,16616300.0,35,105,35,3.622230000000001,3572.0,-0.4835930000000001,0.142808,-0.30611,-0.30044,2.1799257355729013e-07,0.0002179925735572901,6.22847,0.0,15.3296,6.10281803569804e-11,0.0610281803569804,55.295623779296896
142,143,Zimbabwe,29444000000.0,16158000.0,22,160,22,10.4808,1822.26,-1.7201099999999998,-0.619938,-1.18099,-1.3682299999999998,6.486446342369104e-07,0.0006486446342369107,7.873989999999999,0.0,6.73775,3.559570710501291e-10,0.3559570710501291,51.1003494262695
