,country,gdp_usd,population,CPI,rank,GI_risk,co2_mmt,gdp_capita,regulatory_quality,political_stability,accountability,rule_of_law,co2_mmt_capita,co2_kg_capita,GDP_Ag_and_Forest,petro_income,resource_income,co2_dollar,co2_kg_dollar,meat_milk_tn,energy_value
0,Albania,30875800000.0,2927090.0,36,99,35,4.22116,10548.3,0.189022,0.344645,0.169949,-0.328867,1.4421011994848126e-06,0.0014421011994848127,19.85,0.8534209999999999,1.0495,1.3671419040154427e-10,0.13671419040154428,89452.0,13.9268322746106
1,Algeria,553624000000.0,40563900.0,35,105,35,138.72299999999998,13648.2,-1.17188,-1.09753,-0.8631690000000001,-0.857401,3.4198634746658983e-06,0.0034198634746658977,12.2128,10.0461,12.3034,2.5057259078363654e-10,0.2505725907836365,745909.0,10.7846775038301
2,Angola,176813000000.0,28852900.0,19,165,22,21.417,6128.08,-1.00138,-0.315899,-1.14293,-1.08732,7.422824048882435e-07,0.0007422824048882434,9.83117,10.1687,10.7462,1.2112797135957195e-10,0.12112797135957196,285661.0,13.219100710256901
3,Argentina,799476000000.0,43897900.0,40,85,35,194.1,18212.2,-0.469625,0.204626,0.492563,-0.393606,4.421623813439823e-06,0.004421623813439823,6.26457,0.552452,1.13494,2.4278402353541567e-10,0.2427840235354157,5397512.0,9.85669031011764
4,Armenia,23446700000.0,2921300.0,35,105,35,5.2198,8026.12,0.250056,-0.6622640000000001,-0.579335,-0.11913,1.7868072433505631e-06,0.0017868072433505629,16.3905,0.0,4.4120800000000004,2.2262407929474083e-10,0.22262407929474085,106144.0,8.27344410143013
5,Australia,1088900000000.0,24246000.0,77,13,71,411.729,44910.7,1.89697,1.04796,1.35101,1.75552,1.698131650581539e-05,0.01698131650581539,2.3873,0.172404,6.09512,3.781146110753972e-10,0.3781146110753972,4698358.0,8.787819682663999
6,Austria,383118000000.0,8745720.0,76,14,71,68.1012,43806.3,1.44044,0.909639,1.33742,1.81497,7.78680314485257e-06,0.0077868031448525684,1.1127200000000002,0.0234024,0.112891,1.7775515637479842e-10,0.17775515637479838,904071.0,12.967170741226
7,Azerbaijan,155209000000.0,9713940.0,25,152,35,35.1174,15978.0,-0.282023,-0.803879,-1.5631,-0.519861,3.615155127579541e-06,0.003615155127579541,5.60511,13.1744,15.4402,2.2625878653944042e-10,0.2262587865394404,302227.0,11.8561751802562
8,Bahrain,61076200000.0,1348410.0,36,99,35,38.1075,45295.0,0.6082390000000001,-0.7934260000000001,-1.3721299999999998,0.456381,2.8261063029790638e-05,0.028261063029790645,0.332012,1.8112400000000002,3.22726,6.239337090388727e-10,0.6239337090388728,25067.0,4.37249835090049
9,Bangladesh,569985000000.0,162916000.0,26,149,22,79.2048,3498.64,-0.79668,-1.26194,-0.585298,-0.663492,4.861695597731346e-07,0.0004861695597731347,14.0455,0.013982399999999999,0.6441560000000001,1.389594463012185e-10,0.13895944630121848,671912.0,14.1371268709926
10,Belarus,155762000000.0,9471700.0,44,70,47,55.44300000000001,16445.0,-0.941261,0.142281,-1.33949,-0.716039,5.853542658656841e-06,0.005853542658656841,6.8952800000000005,0.384228,1.29721,3.55946893337271e-10,0.355946893337271,1172563.0,6.470804721301461
11,Benin,21403300000.0,10885400.0,40,85,35,5.43566,1966.24,-0.527894,-0.00202717,0.413315,-0.608593,4.993532621676742e-07,0.0004993532621676742,23.2404,0.0739684,6.00174,2.5396364112076175e-10,0.2539636411207617,80272.0,5.07324501261314
12,Bosnia and Herzegovina,39560500000.0,3528410.0,38,89,35,18.5662,11212.0,-0.166648,-0.397839,-0.132196,-0.21673,5.26191684072996e-06,0.00526191684072996,6.3693800000000005,0.0,1.17979,4.693115607740043e-10,0.4693115607740043,83179.0,5.08837081984241
13,Botswana,33933800000.0,2250510.0,61,34,59,5.78343,15078.3,0.528487,0.99456,0.394302,0.533726,2.569830838343309e-06,0.0025698308383433088,2.04973,0.0,1.14278,1.7043272489376376e-10,0.17043272489376374,66184.0,13.1413502104095
14,Brazil,2870230000000.0,207852000.0,35,105,35,492.541,13809.1,-0.207316,-0.377205,0.450566,-0.157223,2.3696716894713544e-06,0.0023696716894713553,4.893009999999999,0.823918,3.01461,1.7160332098821346e-10,0.1716033209882135,26977940.0,10.938107744454598
15,Bulgaria,132051000000.0,7121330.0,42,77,35,42.8881,18543.0,0.658518,0.07733330000000001,0.401109,-0.0614716,6.02248456397892e-06,0.006022484563978921,4.054819999999999,0.00679084,1.3404200000000002,3.247843636170873e-10,0.3247843636170873,217244.0,7.07697416315314
16,Cambodia,53465400000.0,15757200.0,20,161,22,9.64978,3393.08,-0.46522,0.211038,-1.10694,-1.06366,6.124044881070241e-07,0.0006124044881070241,24.7427,0.0,1.88822,1.804864454394805e-10,0.18048644543948048,202012.0,7.91821835852096
17,Cameroon,76987300000.0,23459200.0,25,152,35,7.1112199999999985,3281.75,-0.789898,-1.06214,-1.0329700000000002,-1.036,3.031313940799345e-07,0.00030313139407993453,14.543,1.68802,5.90255,9.2368741337857e-11,0.092368741337857,305240.0,9.879830277047471
18,Chile,396449000000.0,17928000.0,67,27,59,83.5098,22113.4,1.37306,0.413111,0.99514,1.12927,4.658065595716198e-06,0.004658065595716198,3.99347,0.00811921,10.2821,2.106444965178371e-10,0.2106444965178371,1484799.0,11.208749087228698
19,China,19400000000000.0,1404130000.0,39,87,47,10592.8,13816.4,-0.264475,-0.499395,-1.56129,-0.334415,7.5440308233568116e-06,0.007544030823356813,8.12625,0.256726,1.2577399999999999,5.460206185567011e-10,0.5460206185567009,183839.0,6.01163437242267
20,China,19400000000000.0,1404130000.0,39,87,47,10592.8,13816.4,-0.264475,-0.499395,-1.56129,-0.334415,7.5440308233568116e-06,0.007544030823356813,8.12625,0.256726,1.2577399999999999,5.460206185567011e-10,0.5460206185567009,48.0,6.01163437242267
21,China,19400000000000.0,1404130000.0,39,87,47,10592.8,13816.4,-0.264475,-0.499395,-1.56129,-0.334415,7.5440308233568116e-06,0.007544030823356813,8.12625,0.256726,1.2577399999999999,5.460206185567011e-10,0.5460206185567009,359094.0,6.01163437242267
22,China,19400000000000.0,1404130000.0,39,87,47,10592.8,13816.4,-0.264475,-0.499395,-1.56129,-0.334415,7.5440308233568116e-06,0.007544030823356813,8.12625,0.256726,1.2577399999999999,5.460206185567011e-10,0.5460206185567009,19763.0,6.01163437242267
23,China,19400000000000.0,1404130000.0,39,87,47,10592.8,13816.4,-0.264475,-0.499395,-1.56129,-0.334415,7.5440308233568116e-06,0.007544030823356813,8.12625,0.256726,1.2577399999999999,5.460206185567011e-10,0.5460206185567009,6822810.0,6.01163437242267
24,China,19400000000000.0,1404130000.0,39,87,47,10592.8,13816.4,-0.264475,-0.499395,-1.56129,-0.334415,7.5440308233568116e-06,0.007544030823356813,8.12625,0.256726,1.2577399999999999,5.460206185567011e-10,0.5460206185567009,13406286.0,6.01163437242267
25,China,19400000000000.0,1404130000.0,39,87,47,10592.8,13816.4,-0.264475,-0.499395,-1.56129,-0.334415,7.5440308233568116e-06,0.007544030823356813,8.12625,0.256726,1.2577399999999999,5.460206185567011e-10,0.5460206185567009,3035519.0,6.01163437242267
26,China,19400000000000.0,1404130000.0,39,87,47,10592.8,13816.4,-0.264475,-0.499395,-1.56129,-0.334415,7.5440308233568116e-06,0.007544030823356813,8.12625,0.256726,1.2577399999999999,5.460206185567011e-10,0.5460206185567009,7758.0,6.01163437242267
27,China,19400000000000.0,1404130000.0,39,87,47,10592.8,13816.4,-0.264475,-0.499395,-1.56129,-0.334415,7.5440308233568116e-06,0.007544030823356813,8.12625,0.256726,1.2577399999999999,5.460206185567011e-10,0.5460206185567009,2252907.0,6.01163437242267
28,China,19400000000000.0,1404130000.0,39,87,47,10592.8,13816.4,-0.264475,-0.499395,-1.56129,-0.334415,7.5440308233568116e-06,0.007544030823356813,8.12625,0.256726,1.2577399999999999,5.460206185567011e-10,0.5460206185567009,2503411.0,6.01163437242267
29,China,19400000000000.0,1404130000.0,39,87,47,10592.8,13816.4,-0.264475,-0.499395,-1.56129,-0.334415,7.5440308233568116e-06,0.007544030823356813,8.12625,0.256726,1.2577399999999999,5.460206185567011e-10,0.5460206185567009,195745.0,6.01163437242267
30,China,19400000000000.0,1404130000.0,39,87,47,10592.8,13816.4,-0.264475,-0.499395,-1.56129,-0.334415,7.5440308233568116e-06,0.007544030823356813,8.12625,0.256726,1.2577399999999999,5.460206185567011e-10,0.5460206185567009,50400.0,6.01163437242267
31,China,19400000000000.0,1404130000.0,39,87,47,10592.8,13816.4,-0.264475,-0.499395,-1.56129,-0.334415,7.5440308233568116e-06,0.007544030823356813,8.12625,0.256726,1.2577399999999999,5.460206185567011e-10,0.5460206185567009,511083.0,6.01163437242267
32,China,19400000000000.0,1404130000.0,39,87,47,10592.8,13816.4,-0.264475,-0.499395,-1.56129,-0.334415,7.5440308233568116e-06,0.007544030823356813,8.12625,0.256726,1.2577399999999999,5.460206185567011e-10,0.5460206185567009,55195010.0,6.01163437242267
33,China,19400000000000.0,1404130000.0,39,87,47,10592.8,13816.4,-0.264475,-0.499395,-1.56129,-0.334415,7.5440308233568116e-06,0.007544030823356813,8.12625,0.256726,1.2577399999999999,5.460206185567011e-10,0.5460206185567009,855314.0,6.01163437242267
34,China,19400000000000.0,1404130000.0,39,87,47,10592.8,13816.4,-0.264475,-0.499395,-1.56129,-0.334415,7.5440308233568116e-06,0.007544030823356813,8.12625,0.256726,1.2577399999999999,5.460206185567011e-10,0.5460206185567009,2342700.0,6.01163437242267
35,China,19400000000000.0,1404130000.0,39,87,47,10592.8,13816.4,-0.264475,-0.499395,-1.56129,-0.334415,7.5440308233568116e-06,0.007544030823356813,8.12625,0.256726,1.2577399999999999,5.460206185567011e-10,0.5460206185567009,2915.0,6.01163437242267
36,China,19400000000000.0,1404130000.0,39,87,47,10592.8,13816.4,-0.264475,-0.499395,-1.56129,-0.334415,7.5440308233568116e-06,0.007544030823356813,8.12625,0.256726,1.2577399999999999,5.460206185567011e-10,0.5460206185567009,87744603.0,6.01163437242267
37,Colombia,623204000000.0,48627000.0,36,99,47,87.7055,12816.0,0.402009,-0.882459,0.120772,-0.278798,1.803637896641784e-06,0.001803637896641784,6.60641,1.8408099999999998,3.41675,1.407332109550003e-10,0.1407332109550003,2638601.0,18.808340212706398
38,Costa Rica,72358900000.0,4855120.0,56,48,47,7.65027,14903.6,0.407434,0.661428,1.11753,0.466043,1.575711825866302e-06,0.0015757118258663018,5.130809999999999,0.0,1.1805,1.0572673161145346e-10,0.10572673161145346,261638.0,14.7284256551486
39,Croatia,88538700000.0,4167880.0,48,60,47,17.0616,21243.1,0.35627800000000004,0.6637689999999999,0.524517,0.409176,4.093591946025316e-06,0.004093591946025317,3.1359,0.160429,0.590698,1.9270217430344016e-10,0.19270217430344014,204077.0,11.632762691817998
40,Cyprus,27741900000.0,854802.0,59,38,59,8.146,32454.2,1.05263,0.604255,1.0465799999999998,0.721344,9.529692256218401e-06,0.0095296922562184,1.92518,0.0,0.0241952,2.9363525930091307e-10,0.29363525930091305,74785.0,13.131959621291001
41,Denmark,253475000000.0,5733200.0,88,1,83,37.7633,44211.7,1.57541,0.867915,1.54136,1.9123900000000005,6.586775273843578e-06,0.0065867752738435785,0.996361,0.271958,0.362379,1.4898234539895452e-10,0.14898234539895452,1868707.0,16.6754467983192
42,Dominican Republic,147299000000.0,10644400.0,30,129,35,23.3221,13838.2,-0.06524500000000001,0.252106,0.180617,-0.395149,2.1910206305663067e-06,0.002191020630566307,5.78452,0.0,2.18321,1.583316926795158e-10,0.1583316926795158,495805.0,18.219900041541603
43,Ecuador,167902000000.0,16382600.0,34,114,22,36.82,10248.8,-1.01845,-0.085358,-0.248473,-0.761253,2.2475065007996287e-06,0.002247506500799629,9.51902,3.17948,3.74535,2.192945885099641e-10,0.2192945885099641,784476.0,12.9185884220571
44,El Salvador,44525200000.0,6345790.0,35,105,35,7.318,7016.49,0.0939717,-0.0992914,0.188029,-0.709517,1.153205511055361e-06,0.001153205511055361,5.63092,0.0,0.968815,1.643563644857294e-10,0.1643563644857294,162478.0,11.203777960729198
45,Estonia,35961100000.0,1315640.0,73,18,71,5.26909,27333.5,1.6981400000000002,0.673908,1.2079799999999998,1.22636,4.004963363838131e-06,0.004004963363838133,2.0862700000000003,0.21048699999999998,1.14431,1.4652193620328636e-10,0.14652193620328635,77964.0,6.306683695578299
46,Ethiopia,163867000000.0,102450000.0,34,114,35,12.0258,1599.48,-1.10131,-1.61981,-1.40366,-0.492349,1.1738213762811127e-07,0.00011738213762811128,34.6088,0.0,11.3692,7.338756430519871e-11,0.07338756430519873,580863.0,3.02985329874605
47,Finland,213514000000.0,5497300.0,85,3,83,46.6064,38839.8,1.81741,0.999086,1.53173,2.01521,8.478052862314228e-06,0.00847805286231423,2.38021,0.0,0.560388,2.1828264188765138e-10,0.2182826418876514,406978.0,6.6743625459797595
48,France,2487650000000.0,66892100.0,72,21,71,354.099,37189.0,1.0703200000000002,-0.0953591,1.13557,1.41308,5.293584743190902e-06,0.0052935847431909,1.43711,0.00399977,0.039476800000000006,1.4234277330010248e-10,0.1423427733001025,5655607.0,10.971047725797801
49,Gabon,32497900000.0,1974400.0,31,124,35,3.98041,16459.6,-0.79791,-0.104911,-0.969589,-0.6045520000000001,2.0160099270664505e-06,0.0020160099270664505,4.97314,8.974,12.227,1.2248206807209079e-10,0.1224820680720908,39386.0,6.51333336322204
50,Georgia,35487600000.0,3940930.0,58,41,47,10.3538,9004.88,1.00866,-0.313291,0.29372600000000004,0.383661,2.627247883113884e-06,0.002627247883113884,7.72735,0.102769,1.07445,2.917582479513971e-10,0.2917582479513971,65489.0,7.848988557462469
51,Germany,3649310000000.0,82392000.0,80,11,83,826.4019999999998,44292.1,1.81702,0.681363,1.36378,1.62202,1.003012428391106e-05,0.01003012428391106,0.666319,0.0081633,0.0584717,2.2645431602138486e-10,0.22645431602138485,8435689.0,12.486107901698
52,Ghana,106867000000.0,28213000.0,41,78,35,13.4355,3787.86,-0.23251,-0.130929,0.5836060000000001,0.0487858,4.7621663772019997e-07,0.0004762166377201998,20.9769,1.06667,11.6513,1.2572169144824874e-10,0.12572169144824874,266334.0,12.073109652819701
53,Greece,262440000000.0,10774000.0,45,67,47,68.2389,24358.5,0.148387,-0.121599,0.668495,0.107346,6.333664377204381e-06,0.0063336643772043824,3.57726,0.0109409,0.0872834,2.6001714677640603e-10,0.260017146776406,400961.0,12.636415027498
54,Guatemala,119582000000.0,16584100.0,27,144,22,16.7256,7210.64,-0.202432,-0.542593,-0.291889,-1.01984,1.008532268859932e-06,0.001008532268859932,10.0094,0.0770888,1.9967400000000002,1.3986720409426167e-10,0.13986720409426168,486933.0,9.098443557827778
55,Honduras,39336500000.0,9112520.0,29,132,22,9.28918,4316.75,-0.5130279999999999,-0.433312,-0.439699,-1.1187,1.0193865143780206e-06,0.0010193865143780208,12.0499,0.0,2.16894,2.361465814192925e-10,0.2361465814192925,263706.0,7.3555436109512495
56,Hungary,248450000000.0,9809900.0,46,64,59,49.4891,25326.4,0.603422,0.654679,0.401252,0.423058,5.044811873719406e-06,0.005044811873719407,3.87207,0.06849889999999999,0.255659,1.9919138659690082e-10,0.1991913865969008,1016192.0,11.0253900535672
57,Iceland,15568300000.0,332840.0,76,14,83,3.23266,46774.1,1.27685,1.36162,1.35605,1.51954,9.712354284340823e-06,0.009712354284340823,4.59204,0.0,0.000250379,2.0764373759498463e-10,0.20764373759498467,33944.0,2.5516067507143902
58,India,7962030000000.0,1326110000.0,41,78,47,2154.76,6004.06,-0.306505,-0.95384,0.440187,-0.0288772,1.6248727481129018e-06,0.0016248727481129018,16.2498,0.235021,1.8376700000000001,2.7062947514641367e-10,0.2706294751464137,7203550.0,8.92710927147997
59,Indonesia,2754650000000.0,261461000.0,38,89,47,513.149,10535.6,-0.122344,-0.372952,0.166679,-0.34475100000000003,1.9626215764492603e-06,0.00196262157644926,13.4787,0.649637,3.05878,1.86284645962282e-10,0.186284645962282,3348950.0,11.958339492257199
60,Ireland,293455000000.0,4762600.0,73,18,71,37.5098,61616.7,1.74097,0.8478190000000001,1.29098,1.51724,7.875908117414857e-06,0.007875908117414857,0.9403969999999999,0.0,0.0997523,1.2782130139203623e-10,0.12782130139203626,1051354.0,18.627241229879697
61,Israel,275424000000.0,8194350.0,61,34,59,70.4422,33611.4,1.31263,-0.794536,0.7866029999999999,1.07218,8.596435348746392e-06,0.008596435348746392,1.20963,0.00145742,0.16675299999999998,2.5575912048332754e-10,0.25575912048332755,795654.0,12.4027301695831
62,Italy,2039770000000.0,60618000.0,52,53,59,356.122,33649.7,0.710592,0.369415,1.03399,0.32916,5.874855653436272e-06,0.005874855653436273,1.88173,0.0242829,0.0494236,1.7458929192997249e-10,0.1745892919299725,3833469.0,14.9393433841578
63,Jamaica,23165100000.0,2880180.0,44,70,35,8.765130000000001,8042.94,0.16384300000000002,0.307684,0.681261,-0.20327,3.0432577130596e-06,0.0030432577130596,6.5971,0.0,1.2312299999999998,3.783765233044537e-10,0.3783765233044537,169798.0,8.674277465760259
64,Japan,4740050000000.0,127716000.0,73,18,71,1202.52,37114.0,1.42812,0.982944,0.987905,1.42099,9.415578314385042e-06,0.009415578314385041,1.21108,0.00148938,0.025740199999999998,2.536935264395945e-10,0.2536935264395945,3921723.0,11.288340389418302
65,Jordan,77707300000.0,9369170.0,49,58,35,24.5321,8293.94,0.0516795,-0.492398,-0.713007,0.3043,2.618385620070935e-06,0.002618385620070935,5.2461400000000005,0.000678472,1.2016,3.156987824824695e-10,0.31569878248246946,245854.0,9.829756418397881
66,Kenya,138918000000.0,48487400.0,27,144,22,17.8866,2865.03,-0.30033000000000004,-1.35479,-0.115443,-0.4405520000000001,3.688917120736522e-07,0.00036889171207365215,31.0723,0.0,2.69254,1.287565326307606e-10,0.1287565326307606,764215.0,5.66623841518521
67,Kuwait,268528000000.0,4009210.0,41,78,35,98.3647,66977.8,-0.073882,-0.0496832,-0.628963,0.0279303,2.4534683890342485e-05,0.024534683890342485,0.518517,31.6395,32.147,3.6631077578502055e-10,0.3663107757850205,110710.0,8.35647605828901
68,Latvia,45772200000.0,1950120.0,58,41,59,8.41797,23471.5,1.08024,0.479069,0.84249,0.958983,4.316642052796751e-06,0.00431664205279675,3.20553,0.0,1.02146,1.8391010263871962e-10,0.1839101026387196,87235.0,10.936907481914801
69,Lebanon,78065500000.0,5885140.0,28,138,22,23.26,13264.9,-0.343162,-1.61897,-0.520428,-0.8304969999999999,3.952327387283905e-06,0.003952327387283905,2.90483,0.0,0.00124701,2.979549224689524e-10,0.2979549224689524,130476.0,10.905040676303999
70,Lithuania,78404100000.0,2847900.0,59,38,59,13.9695,27530.5,1.13622,0.8282799999999999,0.99997,1.02936,4.905193300326557e-06,0.004905193300326557,3.0773900000000003,0.0206936,0.37616700000000003,1.7817308023432446e-10,0.1781730802343245,231333.0,11.801846564495802
71,Luxembourg,53497500000.0,580210.0,81,9,83,10.1962,92203.7,1.7220799999999998,1.41948,1.50021,1.76036,1.7573292428603436e-05,0.017573292428603438,0.224068,0.0,0.012339200000000002,1.905920837422309e-10,0.19059208374223094,24254.0,14.764028699523498
72,Malaysia,784953000000.0,31237900.0,47,61,47,215.716,25128.2,0.711795,0.136825,-0.418371,0.499149,6.905585842838347e-06,0.006905585842838346,8.65364,1.70721,5.51005,2.7481390605552183e-10,0.2748139060555218,2003547.0,8.61524345421784
73,Malta,16363000000.0,460297.0,54,51,59,7.821639999999999,35548.8,1.15679,1.08044,1.19631,0.997759,1.6992593912191477e-05,0.016992593912191475,1.21771,0.0,0.0,4.780077002994561e-10,0.4780077002994561,12482.0,18.7315389670567
74,Mauritius,24246200000.0,1262390.0,51,56,59,6.0273900000000005,19206.6,1.02976,1.01319,0.8190390000000001,0.751672,4.774586300588567e-06,0.004774586300588565,3.1879299999999997,0.0,0.00358581,2.485911194331483e-10,0.2485911194331483,49218.0,17.3567636901487
75,Mexico,2145030000000.0,127740000.0,28,138,22,452.581,16792.2,0.287122,-0.629069,-0.069213,-0.556211,3.542985752309378e-06,0.003542985752309379,3.34955,1.22232,2.27688,2.109905222770777e-10,0.21099052227707768,6553363.0,11.554063081538999
76,Mongolia,33944700000.0,3023380.0,37,93,47,16.7791,11227.4,-0.0763125,0.797793,0.331928,-0.220197,5.549782032030376e-06,0.005549782032030375,11.6894,1.50769,25.1767,4.943069168382694e-10,0.4943069168382693,334646.0,6.52359946158588
77,Montenegro,9459120000.0,628422.0,45,67,47,2.21769,15052.2,0.224433,0.276631,0.0759906,-0.00568145,3.528982117112387e-06,0.0035289821171123866,7.46824,0.0,1.02552,2.344499276888336e-10,0.23444992768883366,10634.0,9.99250187271645
78,Morocco,255334000000.0,35256800.0,43,73,35,52.8825,7242.12,-0.23495,-0.312573,-0.626316,-0.158313,1.499923419028386e-06,0.001499923419028386,11.993,0.00734429,2.21155,2.0711107803896073e-10,0.20711107803896076,1199279.0,13.726882911724902
79,Mozambique,31836300000.0,28870400.0,23,158,22,9.66452,1102.73,-0.7045600000000001,-1.094,-0.4182520000000001,-1.05131,3.347553203280869e-07,0.00033475532032808687,22.618000000000002,0.07188639999999999,17.5869,3.035691961691528e-10,0.3035691961691528,244664.0,2.66846898528214
80,Myanmar,274870000000.0,52884600.0,29,132,22,27.0065,5197.54,-0.868316,-0.80462,-0.797783,-0.886977,5.106685121944763e-07,0.0005106685121944763,25.4685,0.140039,6.7668,9.82519008986066e-11,0.0982519008986066,3078704.0,13.554189798585599
81,Namibia,23848200000.0,2479760.0,53,52,59,3.85431,9617.14,-0.135936,0.71009,0.5822149999999999,0.362666,1.5543076749362842e-06,0.0015543076749362842,6.10992,0.0,4.08419,1.6161848692983117e-10,0.16161848692983116,76738.0,13.343425714103
82,Nepal,66244500000.0,28977100.0,31,124,35,6.182930000000002,2286.1,-0.764532,-0.8468120000000001,-0.252871,-0.795469,2.133729738310597e-07,0.00021337297383105966,29.1492,0.0,1.3040200000000002,9.333499384854592e-11,0.09333499384854592,372247.0,5.802033950449211
83,Netherlands,800064000000.0,17043100.0,82,8,83,248.652,46943.6,1.97617,0.912268,1.54028,1.89441,1.4589599309984686e-05,0.014589599309984684,1.76653,0.0147969,0.28736999999999996,3.107901367890569e-10,0.3107901367890569,2988650.0,11.382024161288701
84,Nicaragua,30907500000.0,6148940.0,25,152,22,5.39717,5026.48,-0.5067050000000001,-0.0887977,-0.681534,-0.644227,8.777399031377766e-07,0.0008777399031377768,14.9153,0.0,3.6466,1.7462331149397398e-10,0.17462331149397395,264891.0,8.302128581648379
85,Niger,18585200000.0,20732500.0,34,114,35,2.24872,896.428,-0.671357,-1.10331,-0.422797,-0.661077,1.0846352345351503e-07,0.00010846352345351504,38.7842,1.32865,13.4238,1.2099520048210404e-10,0.12099520048210405,261888.0,6.34048519705395
86,Nigeria,990122000000.0,186176000.0,27,144,22,97.1037,5318.2,-0.918893,-1.87771,-0.320183,-1.01725,5.215693752148504e-07,0.0005215693752148506,20.9831,2.80315,4.85953,9.807245975748444e-11,0.09807245975748444,1412810.0,7.87026949825755
87,Norway,332520000000.0,5240470.0,84,7,83,43.2387,63452.3,1.69796,1.20007,1.66425,2.03633,8.250920241886701e-06,0.008250920241886702,2.07813,2.68045,4.12916,1.300333814507398e-10,0.1300333814507398,352685.0,11.7976259660288
88,Oman,166236000000.0,4389790.0,52,53,47,68.4576,37868.8,0.610466,0.760053,-1.05441,0.407917,1.5594732322047296e-05,0.015594732322047297,2.26193,18.1573,19.6681,4.118097163069371e-10,0.4118097163069371,80460.0,6.94479441485181
89,Pakistan,896298000000.0,193177000.0,33,117,35,175.707,4639.78,-0.639584,-2.48317,-0.700991,-0.8043779999999999,9.095648032633284e-07,0.0009095648032633283,23.2152,0.22239499999999998,0.931522,1.9603636290608703e-10,0.19603636290608706,3502556.0,9.981783793522949
90,Panama,83118400000.0,4033260.0,37,93,35,25.4585,20608.2,0.360629,0.41143,0.523939,0.0495611,6.312139559562239e-06,0.00631213955956224,2.6019,0.0,0.208337,3.062919882962136e-10,0.3062919882962136,302479.0,19.6016159633868
91,Paraguay,75552100000.0,6724560.0,29,132,22,7.208710000000001,11235.2,-0.299976,0.14179,-0.0623435,-0.729748,1.0719972756581842e-06,0.0010719972756581843,10.7513,0.0,1.6907299999999998,9.541376083523821e-11,0.0954137608352382,708048.0,14.668933465392001
92,Peru,373980000000.0,31763800.0,35,105,35,55.0172,11773.8,0.508346,-0.201727,0.267631,-0.482023,1.7320723591006115e-06,0.0017320723591006115,6.93462,0.12563,7.33982,1.471126798224504e-10,0.1471126798224504,1829008.0,15.8959064602442
93,Portugal,273194000000.0,10321500.0,64,30,59,55.1982,26468.5,0.844399,0.974051,1.15696,1.09724,5.347885481761372e-06,0.005347885481761372,1.95354,0.0,0.266921,2.0204762915730213e-10,0.20204762915730207,856178.0,14.129503380961498
94,Qatar,297335000000.0,2543590.0,62,33,47,102.484,116896.0,0.695944,0.900235,-1.1523,0.7942779999999999,4.029108464807615e-05,0.04029108464807615,0.183956,11.732000000000001,15.3526,3.4467519800897974e-10,0.3446751980089797,28580.0,6.87998882496575
95,Saudi Arabia,1593750000000.0,32187600.0,49,58,22,656.578,49514.4,0.0793312,-0.464828,-1.72922,0.337608,2.039847643191788e-05,0.020398476431917882,2.68562,19.4341,20.0307,4.119705098039216e-10,0.4119705098039216,886568.0,7.6097087230025195
96,Senegal,44811700000.0,15421600.0,45,67,47,8.60316,2905.77,-0.143072,-0.218255,0.369219,-0.106501,5.57864294236655e-07,0.0005578642942366552,14.4141,0.0,4.47389,1.919846825717391e-10,0.1919846825717391,219358.0,10.9846623422318
97,Serbia,95269800000.0,7058320.0,39,87,35,47.5103,13497.5,0.0562996,0.140154,0.199048,-0.15925,6.731105985560304e-06,0.006731105985560304,6.8021,0.0848944,1.1598700000000002,4.986921353881293e-10,0.4986921353881293,488595.0,7.88389398991208
98,Singapore,458821000000.0,5607280.0,85,3,83,255.185,81825.9,2.18061,1.49576,-0.150454,1.82524,4.5509587536202945e-05,0.04550958753620294,0.0309277,0.0,0.000441298,5.56175501993152e-10,0.556175501993152,123244.0,16.9103519411228
99,Slovenia,60470400000.0,2065900.0,60,36,71,13.5945,29270.7,0.640269,0.990436,1.01017,1.08267,6.5804249963696225e-06,0.006580424996369621,1.9454099999999999,6.73235e-05,0.272819,2.248124702333704e-10,0.2248124702333704,131908.0,9.53100861410692
100,South Africa,672566000000.0,56088600.0,43,73,47,510.751,11991.1,0.211844,-0.141504,0.647684,0.116231,9.10614634702952e-06,0.00910614634702952,2.2240599999999997,0.00513507,5.05525,7.594065117772828e-10,0.7594065117772828,3237178.0,4.85656926516809
101,Spain,1537470000000.0,46495000.0,58,41,47,286.124,33067.3,1.0086,0.413188,1.04105,0.978825,6.153866007097537e-06,0.006153866007097538,2.6901599999999997,0.00138326,0.0744008,1.861005417991896e-10,0.1861005417991896,6546500.0,13.6773044292645
102,Sudan,198875000000.0,39626500.0,16,172,22,18.9488,5018.74,-1.49144,-2.33722,-1.83765,-1.25819,4.781850529317501e-07,0.0004781850529317501,31.2,0.654515,4.73815,9.5279949717159e-11,0.09527994971715899,920288.0,11.143859711890599
103,Suriname,7592770000.0,558117.0,43,73,35,2.05833,13604.3,-0.626957,0.162081,0.41524,-0.154877,3.6879901526024115e-06,0.0036879901526024115,9.874789999999999,3.0564299999999998,30.2151,2.710907876835463e-10,0.2710907876835463,12961.0,12.8419744425891
104,Sweden,451782000000.0,9941100.0,85,3,83,53.4077,45445.9,1.8542,1.01794,1.5639,2.01903,5.372413515606925e-06,0.005372413515606925,1.12047,0.0,0.435391,1.1821564382821806e-10,0.11821564382821804,546846.0,9.3774402265855
105,Switzerland,457510000000.0,8419550.0,85,3,83,39.7598,54339.0,1.9119,1.30629,1.53179,1.94754,4.722318888776717e-06,0.004722318888776716,0.664239,0.0,0.0100801,8.690476710891564e-11,0.08690476710891565,483298.0,20.229882995354302
106,Tajikistan,22544700000.0,8733970.0,25,152,22,5.4405199999999985,2581.27,-1.09314,-0.77776,-1.69176,-1.14801,6.229148943722042e-07,0.0006229148943722042,20.3761,0.0314339,4.326980000000001,2.413214635812408e-10,0.2413214635812408,111307.0,8.02262757984681
107,Thailand,1060970000000.0,68882500.0,36,99,35,342.339,15402.6,0.16807,-0.988581,-1.02511,-0.00487571,4.969898014735237e-06,0.0049698980147352394,8.45069,0.44883999999999996,1.59833,3.2266605087797014e-10,0.3226660508779701,2718128.0,7.970707456766941
108,Togo,11054100000.0,7610300.0,30,129,35,2.58506,1452.52,-0.7933020000000001,-0.172354,-0.5459,-0.633554,3.396791190886036e-07,0.0003396791190886037,26.3931,0.0,18.4851,2.338553116038393e-10,0.2338553116038393,77436.0,3.2524877994469397
109,Trinidad and Tobago,41232700000.0,1363620.0,41,78,35,49.3194,30237.7,0.08672260000000001,0.286352,0.557951,-0.154072,3.616799401592819e-05,0.03616799401592818,0.48729399999999995,1.88763,4.985609999999999,1.1961234651138536e-09,1.1961234651138537,62992.0,2.28732560359856
110,Tunisia,120206000000.0,11399600.0,43,73,47,22.8696,10544.8,-0.470093,-1.14133,0.303427,-0.00310121,2.0061756552861504e-06,0.0020061756552861502,9.45867,1.31621,2.29855,1.902533983328619e-10,0.1902533983328619,341712.0,12.0572961909858
111,Turkey,1815580000000.0,79615100.0,41,78,47,366.084,22804.5,0.196143,-2.00906,-0.608911,-0.208644,4.598172959652127e-06,0.004598172959652126,6.18375,0.036099400000000004,0.30141599999999996,2.016347393119554e-10,0.2016347393119554,3396545.0,15.229634545109901
112,Ukraine,320937000000.0,42800000.0,32,120,35,223.957,7498.53,-0.429534,-1.85648,0.000596148,-0.7662939999999999,5.232640186915888e-06,0.005232640186915888,11.7257,0.20739499999999997,3.6092800000000005,6.978223140367112e-10,0.6978223140367112,2350627.0,3.5442821519410597
113,United Arab Emirates,614766000000.0,9286080.0,70,23,47,288.876,66203.0,0.972596,0.564749,-1.05042,0.8490409999999999,3.1108497880698855e-05,0.03110849788069885,0.776055,10.8279,11.3467,4.698958628160958e-10,0.4698958628160958,156597.0,8.69683636640821
114,Uruguay,67787000000.0,3444120.0,70,23,59,7.5194,19682.0,0.4894560000000001,1.06258,1.16297,0.630394,2.1832572616517425e-06,0.0021832572616517425,5.89194,0.0,1.7592700000000001,1.1092687388437313e-10,0.11092687388437313,636719.0,15.201246940511998
